Reserve,Block,Plot,Trt.comp,Trt.water,Block.comp.water,Block.water,Quadrant,Focal.sp,Number.flowers.total,Seedcount.extrapolated.integer
Bendering,BAH1,3,E,D,BAH1.E.D,BAH1.D,1,A,2,NA
Bendering,BAH1,3,E,D,BAH1.E.D,BAH1.D,2,H,2,NA
Bendering,BAH1,3,E,D,BAH1.E.D,BAH1.D,3,A,1,NA
Bendering,BAH1,5,M,D,BAH1.M.D,BAH1.D,1,H,6,NA
Bendering,BAH1,5,M,D,BAH1.M.D,BAH1.D,2,H,5,NA
Bendering,BAH1,5,M,D,BAH1.M.D,BAH1.D,3,A,5,NA
Bendering,BAH1,5,M,D,BAH1.M.D,BAH1.D,4,A,2,0
Bendering,BAH1,6,M,W,BAH1.M.W,BAH1.W,1,A,5,0
Bendering,BAH1,6,M,W,BAH1.M.W,BAH1.W,2,A,11,53
Bendering,BAH1,6,M,W,BAH1.M.W,BAH1.W,3,H,9,NA
Bendering,BAH1,6,M,W,BAH1.M.W,BAH1.W,4,H,4,NA
Bendering,BAH1,8,N,W,BAH1.N.W,BAH1.W,1,H,2,NA
Bendering,BAH1,8,N,W,BAH1.N.W,BAH1.W,2,A,4,NA
Bendering,BAH1,8,N,W,BAH1.N.W,BAH1.W,3,H,5,NA
Bendering,BAH1,8,N,W,BAH1.N.W,BAH1.W,4,A,3,0
Bendering,BAH1,9,S,D,BAH1.S.D,BAH1.D,1,A,7,NA
Bendering,BAH1,9,S,D,BAH1.S.D,BAH1.D,4,A,2,NA
Bendering,BAH1,10,S,W,BAH1.S.W,BAH1.W,1,A,3,NA
Bendering,BAH1,10,S,W,BAH1.S.W,BAH1.W,2,A,2,0
Bendering,BAH1,10,S,W,BAH1.S.W,BAH1.W,3,H,3,NA
Bendering,BAH1,10,S,W,BAH1.S.W,BAH1.W,4,H,2,NA
Bendering,BAH2,1,C,D,BAH2.C.D,BAH2.D,1,A,2,NA
Bendering,BAH2,1,C,D,BAH2.C.D,BAH2.D,2,H,2,NA
Bendering,BAH2,1,C,D,BAH2.C.D,BAH2.D,3,H,1,NA
Bendering,BAH2,1,C,D,BAH2.C.D,BAH2.D,4,A,NA,NA
Bendering,BAH2,2,C,W,BAH2.C.W,BAH2.W,1,H,1,NA
Bendering,BAH2,2,C,W,BAH2.C.W,BAH2.W,2,A,NA,NA
Bendering,BAH2,2,C,W,BAH2.C.W,BAH2.W,3,H,NA,NA
Bendering,BAH2,2,C,W,BAH2.C.W,BAH2.W,4,A,NA,NA
Bendering,BAH2,4,E,W,BAH2.E.W,BAH2.W,1,H,3,NA
Bendering,BAH2,4,E,W,BAH2.E.W,BAH2.W,2,A,1,NA
Bendering,BAH2,4,E,W,BAH2.E.W,BAH2.W,3,H,5,NA
Bendering,BAH2,4,E,W,BAH2.E.W,BAH2.W,4,A,2,0
Bendering,BAH2,5,M,D,BAH2.M.D,BAH2.D,2,A,3,NA
Bendering,BAH2,5,M,D,BAH2.M.D,BAH2.D,1,H,5,230
Bendering,BAH2,5,M,D,BAH2.M.D,BAH2.D,3,H,5,185
Bendering,BAH2,5,M,D,BAH2.M.D,BAH2.D,4,A,5,NA
Bendering,BAH2,6,M,W,BAH2.M.W,BAH2.W,1,H,2,NA
Bendering,BAH2,6,M,W,BAH2.M.W,BAH2.W,2,A,2,NA
Bendering,BAH2,6,M,W,BAH2.M.W,BAH2.W,3,A,1,NA
Bendering,BAH2,8,N,W,BAH2.N.W,BAH2.W,2,H,1,NA
Bendering,BAH2,8,N,W,BAH2.N.W,BAH2.W,3,A,3,NA
Bendering,BAH2,8,N,W,BAH2.N.W,BAH2.W,4,H,1,NA
Bendering,BAH2,10,S,W,BAH2.S.W,BAH2.W,1,A,1,NA
Bendering,BAH2,10,S,W,BAH2.S.W,BAH2.W,2,H,5,116
Bendering,BAH2,10,S,W,BAH2.S.W,BAH2.W,3,A,3,NA
Bendering,BAH2,10,S,W,BAH2.S.W,BAH2.W,4,H,2,NA
Bendering,BAH3,3,E,D,BAH3.E.D,BAH3.D,1,H,6,NA
Bendering,BAH3,3,E,D,BAH3.E.D,BAH3.D,2,A,4,NA
Bendering,BAH3,3,E,D,BAH3.E.D,BAH3.D,3,A,1,0
Bendering,BAH3,3,E,D,BAH3.E.D,BAH3.D,4,H,2,NA
Bendering,BAH3,5,M,D,BAH3.M.D,BAH3.D,1,H,NA,NA
Bendering,BAH3,5,M,D,BAH3.M.D,BAH3.D,2,A,2,26
Bendering,BAH3,5,M,D,BAH3.M.D,BAH3.D,3,A,4,22
Bendering,BAH3,5,M,D,BAH3.M.D,BAH3.D,4,H,1,27
Bendering,BAH3,7,N,D,BAH3.N.D,BAH3.D,1,A,4,0
Bendering,BAH3,7,N,D,BAH3.N.D,BAH3.D,2,A,0,0
Bendering,BAH3,7,N,D,BAH3.N.D,BAH3.D,3,H,1,19
Bendering,BAH3,7,N,D,BAH3.N.D,BAH3.D,4,H,3,NA
Bendering,BAH4,2,C,W,BAH4.C.W,BAH4.W,2,H,3,NA
Bendering,BAH4,2,C,W,BAH4.C.W,BAH4.W,3,A,4,NA
Bendering,BAH4,5,E,W,BAH4.E.W,BAH4.W,1,H,2,NA
Bendering,BAH4,5,E,W,BAH4.E.W,BAH4.W,2,H,2,NA
Bendering,BAH4,7,M,W,BAH4.M.W,BAH4.W,1,H,NA,NA
Bendering,BAH4,7,M,W,BAH4.M.W,BAH4.W,2,H,NA,NA
Bendering,BAH4,7,M,W,BAH4.M.W,BAH4.W,3,A,3,NA
Bendering,BAH4,7,M,W,BAH4.M.W,BAH4.W,4,A,3,NA
Bendering,BAH4,9,N,W,BAH4.N.W,BAH4.W,1,H,4,NA
Bendering,BAH4,9,N,W,BAH4.N.W,BAH4.W,2,A,3,NA
Bendering,BAH4,9,N,W,BAH4.N.W,BAH4.W,3,A,2,0
Bendering,BAH4,9,N,W,BAH4.N.W,BAH4.W,4,H,4,NA
Bendering,BAH4,11,S,W,BAH4.S.W,BAH4.W,1,H,9,88
Bendering,BAH4,11,S,W,BAH4.S.W,BAH4.W,2,A,NA,NA
Bendering,BAH4,11,S,W,BAH4.S.W,BAH4.W,3,A,3,NA
Bendering,BAH4,11,S,W,BAH4.S.W,BAH4.W,4,H,8,91
Bendering,BAT1,2,C,W,BAT1.C.W,BAT1.W,1,A,1,NA
Bendering,BAT1,2,C,W,BAT1.C.W,BAT1.W,2,T,22.5,45
Bendering,BAT1,2,C,W,BAT1.C.W,BAT1.W,3,T,36,72
Bendering,BAT1,2,C,W,BAT1.C.W,BAT1.W,4,A,3,NA
Bendering,BAT1,6,M,W,BAT1.M.W,BAT1.W,1,A,3,NA
Bendering,BAT1,6,M,W,BAT1.M.W,BAT1.W,2,A,4,NA
Bendering,BAT1,6,M,W,BAT1.M.W,BAT1.W,3,T,94.5,189
Bendering,BAT1,6,M,W,BAT1.M.W,BAT1.W,4,T,45,90
Bendering,BAT2,2,C,W,BAT2.C.W,BAT2.W,1,A,1,NA
Bendering,BAT2,2,C,W,BAT2.C.W,BAT2.W,2,A,0,0
Bendering,BAT2,6,M,W,BAT2.M.W,BAT2.W,1,A,NA,NA
Bendering,BAT2,6,M,W,BAT2.M.W,BAT2.W,2,A,NA,NA
Bendering,BAT2,6,M,W,BAT2.M.W,BAT2.W,3,T,31.5,63
Bendering,BAT2,6,M,W,BAT2.M.W,BAT2.W,4,T,49.5,99
Bendering,BAT2,8,N,W,BAT2.N.W,BAT2.W,1,A,2,0
Bendering,BAT2,8,N,W,BAT2.N.W,BAT2.W,2,A,3,NA
Bendering,BAT2,8,N,W,BAT2.N.W,BAT2.W,3,T,18,36
Bendering,BAT2,8,N,W,BAT2.N.W,BAT2.W,4,T,27,54
Bendering,BAT2,9,S,D,BAT2.S.D,BAT2.D,1,T,13.5,27
Bendering,BAT2,9,S,D,BAT2.S.D,BAT2.D,2,T,22.5,45
Bendering,BAT2,9,S,D,BAT2.S.D,BAT2.D,3,A,2,NA
Bendering,BAT2,9,S,D,BAT2.S.D,BAT2.D,4,A,2,NA
Bendering,BAT2,10,S,W,BAT2.S.W,BAT2.W,1,A,2,NA
Bendering,BAT2,10,S,W,BAT2.S.W,BAT2.W,2,A,1,NA
Bendering,BAT2,10,S,W,BAT2.S.W,BAT2.W,3,T,27,54
Bendering,BAT2,10,S,W,BAT2.S.W,BAT2.W,4,T,9,18
Bendering,BAT3,2,C,W,BAT3.C.W,BAT3.W,1,A,2,NA
Bendering,BAT3,2,C,W,BAT3.C.W,BAT3.W,2,A,3,NA
Bendering,BAT3,2,C,W,BAT3.C.W,BAT3.W,3,T,18,36
Bendering,BAT3,4,E,W,BAT3.E.W,BAT3.W,1,A,12,NA
Bendering,BAT3,4,E,W,BAT3.E.W,BAT3.W,2,A,2,0
Bendering,BAT3,6,M,W,BAT3.M.W,BAT3.W,1,T,49.5,99
Bendering,BAT3,6,M,W,BAT3.M.W,BAT3.W,2,A,2,NA
Bendering,BAT3,6,M,W,BAT3.M.W,BAT3.W,3,A,3,0
Bendering,BAT3,6,M,W,BAT3.M.W,BAT3.W,4,T,22.5,45
Bendering,BAT3,8,N,W,BAT3.N.W,BAT3.W,2,T,13.5,27
Bendering,BAT3,8,N,W,BAT3.N.W,BAT3.W,3,A,9,0
Bendering,BAT3,8,N,W,BAT3.N.W,BAT3.W,4,A,6,NA
Bendering,BAT3,10,S,W,BAT3.S.W,BAT3.W,1,A,2,0
Bendering,BAT3,10,S,W,BAT3.S.W,BAT3.W,2,T,49.5,99
Bendering,BAT3,10,S,W,BAT3.S.W,BAT3.W,3,T,81,162
Bendering,BAT3,10,S,W,BAT3.S.W,BAT3.W,4,A,3,NA
Bendering,BAT4,3,E,D,BAT4.E.D,BAT4.D,1,T,31.5,63
Bendering,BAT4,3,E,D,BAT4.E.D,BAT4.D,2,A,NA,NA
Bendering,BAT4,3,E,D,BAT4.E.D,BAT4.D,3,A,NA,NA
Bendering,BAT4,6,M,W,BAT4.M.W,BAT4.W,1,T,49.5,99
Bendering,BAT4,6,M,W,BAT4.M.W,BAT4.W,2,A,NA,NA
Bendering,BAT4,6,M,W,BAT4.M.W,BAT4.W,3,A,NA,NA
Bendering,BAT4,6,M,W,BAT4.M.W,BAT4.W,4,T,135,270
Bendering,BAW1,1,C,D,BAW1.C.D,BAW1.D,1,A,1,0
Bendering,BAW1,1,C,D,BAW1.C.D,BAW1.D,3,W,8,NA
Bendering,BAW1,1,C,D,BAW1.C.D,BAW1.D,4,A,1,NA
Bendering,BAW1,3,E,D,BAW1.E.D,BAW1.D,1,A,7,NA
Bendering,BAW1,3,E,D,BAW1.E.D,BAW1.D,2,W,3,73
Bendering,BAW1,3,E,D,BAW1.E.D,BAW1.D,3,W,7,14
Bendering,BAW1,3,E,D,BAW1.E.D,BAW1.D,4,A,NA,NA
Bendering,BAW1,5,M,D,BAW1.M.D,BAW1.D,1,W,19,289
Bendering,BAW1,5,M,D,BAW1.M.D,BAW1.D,2,W,22,210
Bendering,BAW1,5,M,D,BAW1.M.D,BAW1.D,4,A,8,NA
Bendering,BAW1,7,N,D,BAW1.N.D,BAW1.D,1,W,9,98
Bendering,BAW1,7,N,D,BAW1.N.D,BAW1.D,2,A,2,NA
Bendering,BAW1,7,N,D,BAW1.N.D,BAW1.D,3,A,2,NA
Bendering,BAW1,7,N,D,BAW1.N.D,BAW1.D,4,W,7,66
Bendering,BAW1,9,S,D,BAW1.S.D,BAW1.D,1,W,11,36
Bendering,BAW1,9,S,D,BAW1.S.D,BAW1.D,2,A,7,NA
Bendering,BAW1,9,S,D,BAW1.S.D,BAW1.D,3,A,1,NA
Bendering,BAW1,9,S,D,BAW1.S.D,BAW1.D,4,W,9,81
Bendering,BAW2,2,C,W,BAW2.C.W,BAW2.W,1,W,8,NA
Bendering,BAW2,2,C,W,BAW2.C.W,BAW2.W,2,A,1,NA
Bendering,BAW2,2,C,W,BAW2.C.W,BAW2.W,3,A,2,0
Bendering,BAW2,2,C,W,BAW2.C.W,BAW2.W,4,W,5,NA
Bendering,BAW2,4,E,W,BAW2.E.W,BAW2.W,1,W,7,97
Bendering,BAW2,4,E,W,BAW2.E.W,BAW2.W,2,A,3,7
Bendering,BAW2,4,E,W,BAW2.E.W,BAW2.W,3,W,4,104
Bendering,BAW2,4,E,W,BAW2.E.W,BAW2.W,4,A,3,12
Bendering,BAW2,6,M,W,BAW2.M.W,BAW2.W,1,W,15,176
Bendering,BAW2,6,M,W,BAW2.M.W,BAW2.W,2,W,16,402
Bendering,BAW2,6,M,W,BAW2.M.W,BAW2.W,3,A,2,0
Bendering,BAW2,6,M,W,BAW2.M.W,BAW2.W,4,A,3,0
Bendering,BAW2,8,N,W,BAW2.N.W,BAW2.W,1,W,9,NA
Bendering,BAW2,8,N,W,BAW2.N.W,BAW2.W,2,A,NA,NA
Bendering,BAW2,8,N,W,BAW2.N.W,BAW2.W,3,A,2,0
Bendering,BAW2,10,S,W,BAW2.S.W,BAW2.W,2,W,18,349
Bendering,BAW2,10,S,W,BAW2.S.W,BAW2.W,3,A,5,NA
Bendering,BAW2,10,S,W,BAW2.S.W,BAW2.W,4,A,1,NA
Bendering,BAW4,1,C,D,BAW4.C.D,BAW4.D,1,W,10,166
Bendering,BAW4,1,C,D,BAW4.C.D,BAW4.D,2,W,9,NA
Bendering,BAW4,1,C,D,BAW4.C.D,BAW4.D,3,A,1,NA
Bendering,BAW4,1,C,D,BAW4.C.D,BAW4.D,4,A,NA,NA
Bendering,BAW4,2,C,W,BAW4.C.W,BAW4.W,2,A,3,NA
Bendering,BAW4,2,C,W,BAW4.C.W,BAW4.W,3,A,3,0
Bendering,BAW4,3,E,D,BAW4.E.D,BAW4.D,1,W,3,3
Bendering,BAW4,3,E,D,BAW4.E.D,BAW4.D,2,W,3,NA
Bendering,BAW4,3,E,D,BAW4.E.D,BAW4.D,3,A,2,NA
Bendering,BAW4,3,E,D,BAW4.E.D,BAW4.D,4,A,2,NA
Bendering,BAW4,4,E,W,BAW4.E.W,BAW4.W,1,A,2,0
Bendering,BAW4,4,E,W,BAW4.E.W,BAW4.W,2,A,4,NA
Bendering,BAW4,4,E,W,BAW4.E.W,BAW4.W,3,W,7,NA
Bendering,BAW4,4,E,W,BAW4.E.W,BAW4.W,4,W,9,90
Bendering,BAW4,5,M,D,BAW4.M.D,BAW4.D,2,W,12,NA
Bendering,BAW4,5,M,D,BAW4.M.D,BAW4.D,4,A,NA,NA
Bendering,BAW4,7,N,D,BAW4.N.D,BAW4.D,1,A,2,NA
Bendering,BAW4,7,N,D,BAW4.N.D,BAW4.D,2,W,5,17
Bendering,BAW4,7,N,D,BAW4.N.D,BAW4.D,3,A,2,0
Bendering,BAW4,7,N,D,BAW4.N.D,BAW4.D,4,W,9,93
Bendering,BAW4,8,N,W,BAW4.N.W,BAW4.W,1,A,3,NA
Bendering,BAW4,8,N,W,BAW4.N.W,BAW4.W,2,W,6,NA
Bendering,BAW4,8,N,W,BAW4.N.W,BAW4.W,3,W,5,NA
Bendering,BAW4,8,N,W,BAW4.N.W,BAW4.W,4,A,1,NA
Bendering,BAW4,9,S,D,BAW4.S.D,BAW4.D,3,W,40,417
Bendering,BAW4,9,S,D,BAW4.S.D,BAW4.D,4,A,NA,NA
Bendering,BAW4,10,S,W,BAW4.S.W,BAW4.W,1,A,NA,NA
Bendering,BAW4,10,S,W,BAW4.S.W,BAW4.W,3,W,53,775
Bendering,BHT1,1,C,D,BHT1.C.D,BHT1.D,1,T,13.5,27
Bendering,BHT1,1,C,D,BHT1.C.D,BHT1.D,2,H,2,NA
Bendering,BHT1,1,C,D,BHT1.C.D,BHT1.D,3,T,13.5,27
Bendering,BHT1,1,C,D,BHT1.C.D,BHT1.D,4,H,NA,NA
Bendering,BHT1,3,E,D,BHT1.E.D,BHT1.D,1,H,3,NA
Bendering,BHT1,3,E,D,BHT1.E.D,BHT1.D,2,H,4,36
Bendering,BHT1,3,E,D,BHT1.E.D,BHT1.D,3,T,27,54
Bendering,BHT1,3,E,D,BHT1.E.D,BHT1.D,4,T,13.5,27
Bendering,BHT1,5,M,D,BHT1.M.D,BHT1.D,1,H,NA,NA
Bendering,BHT1,5,M,D,BHT1.M.D,BHT1.D,2,H,NA,NA
Bendering,BHT1,5,M,D,BHT1.M.D,BHT1.D,3,T,18,36
Bendering,BHT1,5,M,D,BHT1.M.D,BHT1.D,4,T,18,36
Bendering,BHT1,7,N,D,BHT1.N.D,BHT1.D,1,T,27,54
Bendering,BHT1,7,N,D,BHT1.N.D,BHT1.D,2,T,58.5,117
Bendering,BHT1,7,N,D,BHT1.N.D,BHT1.D,3,H,NA,NA
Bendering,BHT1,7,N,D,BHT1.N.D,BHT1.D,4,H,1,NA
Bendering,BHT1,9,S,D,BHT1.S.D,BHT1.D,1,T,18,36
Bendering,BHT1,9,S,D,BHT1.S.D,BHT1.D,2,H,3,NA
Bendering,BHT1,9,S,D,BHT1.S.D,BHT1.D,3,H,5,NA
Bendering,BHT1,9,S,D,BHT1.S.D,BHT1.D,4,T,72,144
Bendering,BHT2,2,C,W,BHT2.C.W,BHT2.W,1,H,4,NA
Bendering,BHT2,2,C,W,BHT2.C.W,BHT2.W,2,T,18,36
Bendering,BHT2,2,C,W,BHT2.C.W,BHT2.W,3,T,9,18
Bendering,BHT2,2,C,W,BHT2.C.W,BHT2.W,4,H,1,NA
Bendering,BHT2,4,E,W,BHT2.E.W,BHT2.W,1,H,2,37
Bendering,BHT2,4,E,W,BHT2.E.W,BHT2.W,2,T,NA,NA
Bendering,BHT2,4,E,W,BHT2.E.W,BHT2.W,3,T,27,54
Bendering,BHT2,4,E,W,BHT2.E.W,BHT2.W,4,H,2,NA
Bendering,BHT2,6,M,W,BHT2.M.W,BHT2.W,1,H,3,50
Bendering,BHT2,6,M,W,BHT2.M.W,BHT2.W,2,T,18,36
Bendering,BHT2,6,M,W,BHT2.M.W,BHT2.W,3,T,22.5,45
Bendering,BHT2,6,M,W,BHT2.M.W,BHT2.W,4,H,1,NA
Bendering,BHT2,8,N,W,BHT2.N.W,BHT2.W,1,T,31.5,63
Bendering,BHT2,8,N,W,BHT2.N.W,BHT2.W,2,H,1,13
Bendering,BHT2,8,N,W,BHT2.N.W,BHT2.W,3,T,13.5,27
Bendering,BHT2,10,S,W,BHT2.S.W,BHT2.W,1,T,22.5,45
Bendering,BHT2,10,S,W,BHT2.S.W,BHT2.W,2,H,8,NA
Bendering,BHT2,10,S,W,BHT2.S.W,BHT2.W,3,H,NA,NA
Bendering,BHT2,10,S,W,BHT2.S.W,BHT2.W,4,T,135,270
Bendering,BHT3,1,C,D,BHT3.C.D,BHT3.D,1,H,1,22
Bendering,BHT3,1,C,D,BHT3.C.D,BHT3.D,4,H,1,33
Bendering,BHT3,3,E,D,BHT3.E.D,BHT3.D,2,T,13.5,27
Bendering,BHT3,3,E,D,BHT3.E.D,BHT3.D,3,H,2,48
Bendering,BHT3,3,E,D,BHT3.E.D,BHT3.D,4,H,3,48
Bendering,BHT3,5,M,D,BHT3.M.D,BHT3.D,1,H,2,46
Bendering,BHT3,5,M,D,BHT3.M.D,BHT3.D,2,H,1,0
Bendering,BHT3,6,M,W,BHT3.M.W,BHT3.W,1,H,3,NA
Bendering,BHT3,6,M,W,BHT3.M.W,BHT3.W,2,H,2,NA
Bendering,BHT3,6,M,W,BHT3.M.W,BHT3.W,3,T,45,90
Bendering,BHT3,6,M,W,BHT3.M.W,BHT3.W,4,T,NA,NA
Bendering,BHT3,7,N,D,BHT3.N.D,BHT3.D,1,T,4.5,9
Bendering,BHT3,7,N,D,BHT3.N.D,BHT3.D,2,H,1,10
Bendering,BHT3,7,N,D,BHT3.N.D,BHT3.D,3,H,1,NA
Bendering,BHT3,7,N,D,BHT3.N.D,BHT3.D,4,T,4.5,9
Bendering,BHT3,9,S,D,BHT3.S.D,BHT3.D,1,T,108,216
Bendering,BHT3,9,S,D,BHT3.S.D,BHT3.D,2,H,5,NA
Bendering,BHT3,9,S,D,BHT3.S.D,BHT3.D,3,H,3,NA
Bendering,BHT4,4,E,W,BHT4.E.W,BHT4.W,1,H,2,6
Bendering,BHT4,4,E,W,BHT4.E.W,BHT4.W,2,T,63,126
Bendering,BHT4,4,E,W,BHT4.E.W,BHT4.W,3,H,6,48
Bendering,BHT4,4,E,W,BHT4.E.W,BHT4.W,4,T,22.5,45
Bendering,BHT4,5,M,D,BHT4.M.D,BHT4.D,1,H,2,NA
Bendering,BHT4,5,M,D,BHT4.M.D,BHT4.D,2,T,40.5,81
Bendering,BHT4,5,M,D,BHT4.M.D,BHT4.D,3,T,40.5,81
Bendering,BHT4,5,M,D,BHT4.M.D,BHT4.D,4,H,2,10
Bendering,BHT4,7,N,D,BHT4.N.D,BHT4.D,1,T,27,54
Bendering,BHT4,7,N,D,BHT4.N.D,BHT4.D,2,H,2,NA
Bendering,BHT4,7,N,D,BHT4.N.D,BHT4.D,3,T,36,72
Bendering,BHT4,7,N,D,BHT4.N.D,BHT4.D,4,H,2,NA
Bendering,BHT4,9,S,D,BHT4.S.D,BHT4.D,1,H,5,NA
Bendering,BHT4,9,S,D,BHT4.S.D,BHT4.D,2,T,126,252
Bendering,BHT4,9,S,D,BHT4.S.D,BHT4.D,3,H,5,28
Bendering,BHT4,9,S,D,BHT4.S.D,BHT4.D,4,T,103.5,207
Bendering,BHW1,1,C,D,BHW1.C.D,BHW1.D,1,H,NA,NA
Bendering,BHW1,1,C,D,BHW1.C.D,BHW1.D,2,W,7,234
Bendering,BHW1,1,C,D,BHW1.C.D,BHW1.D,3,H,1,NA
Bendering,BHW1,1,C,D,BHW1.C.D,BHW1.D,4,W,13,NA
Bendering,BHW1,3,E,D,BHW1.E.D,BHW1.D,1,H,NA,NA
Bendering,BHW1,3,E,D,BHW1.E.D,BHW1.D,2,W,8,NA
Bendering,BHW1,3,E,D,BHW1.E.D,BHW1.D,4,H,2,NA
Bendering,BHW1,5,M,D,BHW1.M.D,BHW1.D,1,H,NA,NA
Bendering,BHW1,5,M,D,BHW1.M.D,BHW1.D,2,H,NA,NA
Bendering,BHW1,5,M,D,BHW1.M.D,BHW1.D,3,W,7,61
Bendering,BHW1,5,M,D,BHW1.M.D,BHW1.D,4,W,10,378
Bendering,BHW1,7,N,D,BHW1.N.D,BHW1.D,1,W,9,335
Bendering,BHW1,7,N,D,BHW1.N.D,BHW1.D,2,W,14,NA
Bendering,BHW1,7,N,D,BHW1.N.D,BHW1.D,3,H,NA,NA
Bendering,BHW1,7,N,D,BHW1.N.D,BHW1.D,4,H,1,NA
Bendering,BHW1,9,S,D,BHW1.S.D,BHW1.D,1,W,21,NA
Bendering,BHW1,9,S,D,BHW1.S.D,BHW1.D,2,H,2,NA
Bendering,BHW1,9,S,D,BHW1.S.D,BHW1.D,3,H,2,NA
Bendering,BHW1,9,S,D,BHW1.S.D,BHW1.D,4,W,20,NA
Bendering,BHW2,2,C,W,BHW2.C.W,BHW2.W,2,W,8,NA
Bendering,BHW2,2,C,W,BHW2.C.W,BHW2.W,4,W,14,185
Bendering,BHW2,6,M,W,BHW2.M.W,BHW2.W,1,W,2,NA
Bendering,BHW2,6,M,W,BHW2.M.W,BHW2.W,2,W,5,NA
Bendering,BHW2,6,M,W,BHW2.M.W,BHW2.W,3,H,NA,NA
Bendering,BHW2,6,M,W,BHW2.M.W,BHW2.W,4,H,NA,NA
Bendering,BHW2,8,N,W,BHW2.N.W,BHW2.W,2,H,1,NA
Bendering,BHW2,8,N,W,BHW2.N.W,BHW2.W,3,W,3,53
Bendering,BHW2,8,N,W,BHW2.N.W,BHW2.W,4,W,6,80
Bendering,BHW2,10,S,W,BHW2.S.W,BHW2.W,1,W,6,NA
Bendering,BHW2,10,S,W,BHW2.S.W,BHW2.W,2,H,3,NA
Bendering,BHW2,10,S,W,BHW2.S.W,BHW2.W,3,W,3,NA
Bendering,BHW2,10,S,W,BHW2.S.W,BHW2.W,4,H,3,NA
Bendering,BHW3,1,C,D,BHW3.C.D,BHW3.D,1,H,1,NA
Bendering,BHW3,1,C,D,BHW3.C.D,BHW3.D,2,H,1,NA
Bendering,BHW3,1,C,D,BHW3.C.D,BHW3.D,3,W,5,0
Bendering,BHW3,1,C,D,BHW3.C.D,BHW3.D,4,W,7,0
Bendering,BHW3,2,C,W,BHW3.C.W,BHW3.W,1,W,9,0
Bendering,BHW3,2,C,W,BHW3.C.W,BHW3.W,2,H,1,NA
Bendering,BHW3,2,C,W,BHW3.C.W,BHW3.W,3,W,3,NA
Bendering,BHW3,2,C,W,BHW3.C.W,BHW3.W,4,H,1,NA
Bendering,BHW3,4,E,W,BHW3.E.W,BHW3.W,1,W,18,310
Bendering,BHW3,4,E,W,BHW3.E.W,BHW3.W,2,H,2,NA
Bendering,BHW3,4,E,W,BHW3.E.W,BHW3.W,3,W,10,NA
Bendering,BHW3,4,E,W,BHW3.E.W,BHW3.W,4,H,1,9
Bendering,BHW3,6,M,W,BHW3.M.W,BHW3.W,1,W,27,NA
Bendering,BHW3,6,M,W,BHW3.M.W,BHW3.W,2,W,22,NA
Bendering,BHW3,6,M,W,BHW3.M.W,BHW3.W,3,H,NA,NA
Bendering,BHW3,6,M,W,BHW3.M.W,BHW3.W,4,H,2,0
Bendering,BHW3,8,N,W,BHW3.N.W,BHW3.W,2,H,3,NA
Bendering,BHW3,8,N,W,BHW3.N.W,BHW3.W,4,W,8,NA
Bendering,BHW3,10,S,W,BHW3.S.W,BHW3.W,1,H,3,32
Bendering,BHW3,10,S,W,BHW3.S.W,BHW3.W,2,H,2,NA
Bendering,BHW3,10,S,W,BHW3.S.W,BHW3.W,3,W,18,NA
Bendering,BHW3,10,S,W,BHW3.S.W,BHW3.W,4,W,3,0
Bendering,BHW4,1,C,D,BHW4.C.D,BHW4.D,1,H,1,18
Bendering,BHW4,1,C,D,BHW4.C.D,BHW4.D,2,W,7,128
Bendering,BHW4,1,C,D,BHW4.C.D,BHW4.D,3,H,3,NA
Bendering,BHW4,1,C,D,BHW4.C.D,BHW4.D,4,W,8,15
Bendering,BHW4,3,E,D,BHW4.E.D,BHW4.D,1,W,3,NA
Bendering,BHW4,3,E,D,BHW4.E.D,BHW4.D,2,H,1,9
Bendering,BHW4,3,E,D,BHW4.E.D,BHW4.D,3,H,2,20
Bendering,BHW4,3,E,D,BHW4.E.D,BHW4.D,4,W,9,210
Bendering,BHW4,5,M,D,BHW4.M.D,BHW4.D,1,W,7,53
Bendering,BHW4,5,M,D,BHW4.M.D,BHW4.D,2,W,3,35
Bendering,BHW4,5,M,D,BHW4.M.D,BHW4.D,3,H,2,12
Bendering,BHW4,7,N,D,BHW4.N.D,BHW4.D,1,W,10,24
Bendering,BHW4,7,N,D,BHW4.N.D,BHW4.D,2,W,5,58
Bendering,BHW4,7,N,D,BHW4.N.D,BHW4.D,3,H,1,NA
Bendering,BHW4,7,N,D,BHW4.N.D,BHW4.D,4,H,1,NA
Bendering,BHW4,9,S,D,BHW4.S.D,BHW4.D,1,H,2,14
Bendering,BHW4,9,S,D,BHW4.S.D,BHW4.D,2,H,2,NA
Bendering,BHW4,9,S,D,BHW4.S.D,BHW4.D,3,W,12,231
Bendering,BHW4,9,S,D,BHW4.S.D,BHW4.D,4,W,18,338
Bendering,BTW1,1,C,D,BTW1.C.D,BTW1.D,1,T,54,108
Bendering,BTW1,1,C,D,BTW1.C.D,BTW1.D,2,W,5,40
Bendering,BTW1,1,C,D,BTW1.C.D,BTW1.D,3,W,22,NA
Bendering,BTW1,3,E,D,BTW1.E.D,BTW1.D,1,T,45,90
Bendering,BTW1,3,E,D,BTW1.E.D,BTW1.D,2,W,10,55
Bendering,BTW1,3,E,D,BTW1.E.D,BTW1.D,3,W,16,170
Bendering,BTW1,4,E,W,BTW1.E.W,BTW1.W,1,T,45,90
Bendering,BTW1,4,E,W,BTW1.E.W,BTW1.W,4,T,36,72
Bendering,BTW1,5,M,D,BTW1.M.D,BTW1.D,1,T,58.5,117
Bendering,BTW1,5,M,D,BTW1.M.D,BTW1.D,2,T,27,54
Bendering,BTW1,5,M,D,BTW1.M.D,BTW1.D,3,W,22,545
Bendering,BTW1,5,M,D,BTW1.M.D,BTW1.D,4,W,9,NA
Bendering,BTW1,7,N,D,BTW1.N.D,BTW1.D,2,W,16,62
Bendering,BTW1,7,N,D,BTW1.N.D,BTW1.D,3,W,13,209
Bendering,BTW1,7,N,D,BTW1.N.D,BTW1.D,4,T,18,36
Bendering,BTW1,9,S,D,BTW1.S.D,BTW1.D,1,W,10,NA
Bendering,BTW1,9,S,D,BTW1.S.D,BTW1.D,2,T,67.5,135
Bendering,BTW1,9,S,D,BTW1.S.D,BTW1.D,3,T,180,360
Bendering,BTW1,9,S,D,BTW1.S.D,BTW1.D,4,W,26,435
Bendering,BTW2,2,C,W,BTW2.C.W,BTW2.W,1,W,8,44
Bendering,BTW2,2,C,W,BTW2.C.W,BTW2.W,3,T,22.5,45
Bendering,BTW2,2,C,W,BTW2.C.W,BTW2.W,4,T,13.5,27
Bendering,BTW2,4,E,W,BTW2.E.W,BTW2.W,1,T,13.5,27
Bendering,BTW2,4,E,W,BTW2.E.W,BTW2.W,2,W,12,218
Bendering,BTW2,4,E,W,BTW2.E.W,BTW2.W,3,T,18,36
Bendering,BTW2,4,E,W,BTW2.E.W,BTW2.W,4,W,2,NA
Bendering,BTW2,6,M,W,BTW2.M.W,BTW2.W,1,T,22.5,45
Bendering,BTW2,6,M,W,BTW2.M.W,BTW2.W,2,W,9,NA
Bendering,BTW2,6,M,W,BTW2.M.W,BTW2.W,3,W,6,87
Bendering,BTW2,6,M,W,BTW2.M.W,BTW2.W,4,T,22.5,45
Bendering,BTW2,8,N,W,BTW2.N.W,BTW2.W,1,W,9,56
Bendering,BTW2,8,N,W,BTW2.N.W,BTW2.W,2,T,18,36
Bendering,BTW2,8,N,W,BTW2.N.W,BTW2.W,3,W,6,NA
Bendering,BTW2,8,N,W,BTW2.N.W,BTW2.W,4,T,13.5,27
Bendering,BTW2,10,S,W,BTW2.S.W,BTW2.W,1,T,18,36
Bendering,BTW2,10,S,W,BTW2.S.W,BTW2.W,2,W,27,311
Bendering,BTW2,10,S,W,BTW2.S.W,BTW2.W,3,T,45,90
Bendering,BTW2,10,S,W,BTW2.S.W,BTW2.W,4,W,1,NA
Bendering,BTW3,1,C,D,BTW3.C.D,BTW3.D,2,W,9,52
Bendering,BTW3,1,C,D,BTW3.C.D,BTW3.D,3,W,7,149
Bendering,BTW3,2,C,W,BTW3.C.W,BTW3.W,3,W,20,24
Bendering,BTW3,2,C,W,BTW3.C.W,BTW3.W,4,W,2,52
Bendering,BTW3,4,E,W,BTW3.E.W,BTW3.W,1,W,6,78
Bendering,BTW3,4,E,W,BTW3.E.W,BTW3.W,4,W,1,0
Bendering,BTW3,6,M,W,BTW3.M.W,BTW3.W,1,W,6,20
Bendering,BTW3,6,M,W,BTW3.M.W,BTW3.W,2,W,4,18
Bendering,BTW3,8,N,W,BTW3.N.W,BTW3.W,2,W,5,NA
Bendering,BTW3,8,N,W,BTW3.N.W,BTW3.W,3,W,7,18
Bendering,BTW3,10,S,W,BTW3.S.W,BTW3.W,3,W,15,149
Bendering,BTW3,10,S,W,BTW3.S.W,BTW3.W,4,W,7,95
Bendering,BTW4,2,C,W,BTW4.C.W,BTW4.W,1,W,12,120
Bendering,BTW4,2,C,W,BTW4.C.W,BTW4.W,2,W,13,290
Bendering,BTW4,2,C,W,BTW4.C.W,BTW4.W,4,T,81,162
Bendering,BTW4,4,E,W,BTW4.E.W,BTW4.W,1,T,40.5,81
Bendering,BTW4,4,E,W,BTW4.E.W,BTW4.W,2,W,17,327
Bendering,BTW4,4,E,W,BTW4.E.W,BTW4.W,4,W,12,20
Bendering,BTW4,6,M,W,BTW4.M.W,BTW4.W,1,W,5,44
Bendering,BTW4,6,M,W,BTW4.M.W,BTW4.W,2,T,67.5,135
Bendering,BTW4,6,M,W,BTW4.M.W,BTW4.W,3,T,36,72
Bendering,BTW4,6,M,W,BTW4.M.W,BTW4.W,4,W,4,NA
Bendering,BTW4,8,N,W,BTW4.N.W,BTW4.W,2,W,5,NA
Bendering,BTW4,8,N,W,BTW4.N.W,BTW4.W,3,T,90,180
Bendering,BTW4,8,N,W,BTW4.N.W,BTW4.W,4,W,29,306
Bendering,BTW4,10,S,W,BTW4.S.W,BTW4.W,1,W,20,246
Bendering,BTW4,10,S,W,BTW4.S.W,BTW4.W,2,W,12,NA
Bendering,BTW4,10,S,W,BTW4.S.W,BTW4.W,3,T,112.5,225
Perenjori,PAH1,1,C,D,PAH1.C.D,PAH1.D,2,H,4,NA
Perenjori,PAH1,4,E,W,PAH1.E.W,PAH1.W,1,H,1,NA
Perenjori,PAH1,4,E,W,PAH1.E.W,PAH1.W,2,A,6,NA
Perenjori,PAH1,4,E,W,PAH1.E.W,PAH1.W,3,H,1,NA
Perenjori,PAH1,4,E,W,PAH1.E.W,PAH1.W,4,A,4,NA
Perenjori,PAH1,5,M,D,PAH1.M.D,PAH1.D,1,A,4,NA
Perenjori,PAH1,5,M,D,PAH1.M.D,PAH1.D,2,H,4,48
Perenjori,PAH1,5,M,D,PAH1.M.D,PAH1.D,3,A,3,NA
Perenjori,PAH1,5,M,D,PAH1.M.D,PAH1.D,4,H,3,NA
Perenjori,PAH1,6,M,W,PAH1.M.W,PAH1.W,1,A,3,NA
Perenjori,PAH1,6,M,W,PAH1.M.W,PAH1.W,2,A,8,195
Perenjori,PAH1,6,M,W,PAH1.M.W,PAH1.W,3,H,4,NA
Perenjori,PAH1,6,M,W,PAH1.M.W,PAH1.W,4,H,6,95
Perenjori,PAH1,10,S,W,PAH1.S.W,PAH1.W,1,H,5,NA
Perenjori,PAH1,10,S,W,PAH1.S.W,PAH1.W,2,A,9,NA
Perenjori,PAH1,10,S,W,PAH1.S.W,PAH1.W,3,A,5,NA
Perenjori,PAH1,10,S,W,PAH1.S.W,PAH1.W,4,H,5,NA
Perenjori,PAH2,1,C,D,PAH2.C.D,PAH2.D,3,H,4,0
Perenjori,PAH2,1,C,D,PAH2.C.D,PAH2.D,4,A,1,0
Perenjori,PAH2,2,C,W,PAH2.C.W,PAH2.W,3,A,2,NA
Perenjori,PAH2,2,C,W,PAH2.C.W,PAH2.W,4,H,7,NA
Perenjori,PAH2,2,E,W,PAH2.E.W,PAH2.W,1,H,4,0
Perenjori,PAH2,2,E,W,PAH2.E.W,PAH2.W,2,H,3,81
Perenjori,PAH2,2,E,W,PAH2.E.W,PAH2.W,3,A,5,NA
Perenjori,PAH2,3,M,D,PAH2.M.D,PAH2.D,1,H,2,0
Perenjori,PAH2,3,M,D,PAH2.M.D,PAH2.D,2,A,6,NA
Perenjori,PAH2,3,M,D,PAH2.M.D,PAH2.D,3,A,11,NA
Perenjori,PAH2,3,M,D,PAH2.M.D,PAH2.D,4,H,1,NA
Perenjori,PAH2,4,M,W,PAH2.M.W,PAH2.W,1,H,3,NA
Perenjori,PAH2,4,M,W,PAH2.M.W,PAH2.W,2,A,4,NA
Perenjori,PAH2,4,M,W,PAH2.M.W,PAH2.W,3,A,13,NA
Perenjori,PAH2,4,M,W,PAH2.M.W,PAH2.W,4,H,5,NA
Perenjori,PAH2,5,N,D,PAH2.N.D,PAH2.D,1,A,3,NA
Perenjori,PAH2,5,N,D,PAH2.N.D,PAH2.D,2,H,4,NA
Perenjori,PAH2,5,N,D,PAH2.N.D,PAH2.D,3,A,9,NA
Perenjori,PAH2,5,N,D,PAH2.N.D,PAH2.D,4,H,5,NA
Perenjori,PAH2,6,N,W,PAH2.N.W,PAH2.W,1,H,4,NA
Perenjori,PAH2,6,N,W,PAH2.N.W,PAH2.W,3,A,3,NA
Perenjori,PAH2,6,N,W,PAH2.N.W,PAH2.W,4,H,4,18
Perenjori,PAH2,7,S,D,PAH2.S.D,PAH2.D,1,A,2,0
Perenjori,PAH2,7,S,D,PAH2.S.D,PAH2.D,2,H,3,0
Perenjori,PAH2,8,S,W,PAH2.S.W,PAH2.W,1,H,6,NA
Perenjori,PAH2,8,S,W,PAH2.S.W,PAH2.W,2,H,4,NA
Perenjori,PAH2,8,S,W,PAH2.S.W,PAH2.W,3,A,6,NA
Perenjori,PAH2,8,S,W,PAH2.S.W,PAH2.W,4,A,5,NA
Perenjori,PAH3,4,E,W,PAH3.E.W,PAH3.W,1,A,5,NA
Perenjori,PAH3,4,E,W,PAH3.E.W,PAH3.W,2,H,3,NA
Perenjori,PAH3,4,E,W,PAH3.E.W,PAH3.W,3,A,7,NA
Perenjori,PAH3,4,E,W,PAH3.E.W,PAH3.W,4,H,2,NA
Perenjori,PAH3,5,M,D,PAH3.M.D,PAH3.D,1,A,3,NA
Perenjori,PAH3,5,M,D,PAH3.M.D,PAH3.D,2,H,2,30
Perenjori,PAH3,5,M,D,PAH3.M.D,PAH3.D,3,A,4,NA
Perenjori,PAH3,5,M,D,PAH3.M.D,PAH3.D,4,H,2,68
Perenjori,PAH3,7,N,D,PAH3.N.D,PAH3.D,1,H,5,NA
Perenjori,PAH3,7,N,D,PAH3.N.D,PAH3.D,2,A,5,NA
Perenjori,PAH3,7,N,D,PAH3.N.D,PAH3.D,4,H,1,NA
Perenjori,PAH3,8,N,W,PAH3.N.W,PAH3.W,1,A,7,175
Perenjori,PAH3,8,N,W,PAH3.N.W,PAH3.W,2,H,3,NA
Perenjori,PAH3,8,N,W,PAH3.N.W,PAH3.W,3,A,8,NA
Perenjori,PAH3,8,N,W,PAH3.N.W,PAH3.W,4,H,2,NA
Perenjori,PAH4,2,C,W,PAH4.C.W,PAH4.W,1,H,2,NA
Perenjori,PAH4,2,C,W,PAH4.C.W,PAH4.W,2,A,1,NA
Perenjori,PAH4,2,C,W,PAH4.C.W,PAH4.W,3,H,1,24
Perenjori,PAH4,2,C,W,PAH4.C.W,PAH4.W,4,A,4,NA
Perenjori,PAH4,3,E,D,PAH4.E.D,PAH4.D,1,A,3,NA
Perenjori,PAH4,3,E,D,PAH4.E.D,PAH4.D,2,H,5,NA
Perenjori,PAH4,3,E,D,PAH4.E.D,PAH4.D,3,H,5,56
Perenjori,PAH4,3,E,D,PAH4.E.D,PAH4.D,4,A,3,NA
Perenjori,PAH4,4,E,W,PAH4.E.W,PAH4.W,1,A,4,NA
Perenjori,PAH4,4,E,W,PAH4.E.W,PAH4.W,2,H,3,18
Perenjori,PAH4,4,E,W,PAH4.E.W,PAH4.W,3,A,3,NA
Perenjori,PAH4,4,E,W,PAH4.E.W,PAH4.W,4,H,3,0
Perenjori,PAH4,8,N,W,PAH4.N.W,PAH4.W,1,A,1,NA
Perenjori,PAH4,8,N,W,PAH4.N.W,PAH4.W,2,H,4,NA
Perenjori,PAH4,8,N,W,PAH4.N.W,PAH4.W,3,A,2,NA
Perenjori,PAH4,8,N,W,PAH4.N.W,PAH4.W,4,H,4,100
Perenjori,PAH4,9,S,D,PAH4.S.D,PAH4.D,1,H,8,140
Perenjori,PAH4,9,S,D,PAH4.S.D,PAH4.D,2,A,3,NA
Perenjori,PAH4,9,S,D,PAH4.S.D,PAH4.D,3,H,3,39
Perenjori,PAH4,9,S,D,PAH4.S.D,PAH4.D,4,A,6,NA
Perenjori,PAT1,1,C,D,PAT1.C.D,PAT1.D,1,T,9,18
Perenjori,PAT1,1,C,D,PAT1.C.D,PAT1.D,2,A,2,NA
Perenjori,PAT1,1,C,D,PAT1.C.D,PAT1.D,3,A,6,NA
Perenjori,PAT1,1,C,D,PAT1.C.D,PAT1.D,4,T,18,36
Perenjori,PAT1,2,C,W,PAT1.C.W,PAT1.W,1,A,5,NA
Perenjori,PAT1,2,C,W,PAT1.C.W,PAT1.W,3,A,6,NA
Perenjori,PAT1,2,C,W,PAT1.C.W,PAT1.W,4,T,13.5,27
Perenjori,PAT1,3,E,D,PAT1.E.D,PAT1.D,1,T,27,54
Perenjori,PAT1,3,E,D,PAT1.E.D,PAT1.D,2,T,9,18
Perenjori,PAT1,3,E,D,PAT1.E.D,PAT1.D,3,A,1,NA
Perenjori,PAT1,3,E,D,PAT1.E.D,PAT1.D,4,A,2,NA
Perenjori,PAT1,4,E,W,PAT1.E.W,PAT1.W,1,A,3,NA
Perenjori,PAT1,4,E,W,PAT1.E.W,PAT1.W,2,A,7,NA
Perenjori,PAT1,5,M,D,PAT1.M.D,PAT1.D,1,A,7,NA
Perenjori,PAT1,5,M,D,PAT1.M.D,PAT1.D,2,A,15,NA
Perenjori,PAT1,5,M,D,PAT1.M.D,PAT1.D,3,T,9,18
Perenjori,PAT1,5,M,D,PAT1.M.D,PAT1.D,4,T,36,72
Perenjori,PAT1,6,M,W,PAT1.M.W,PAT1.W,1,T,31.5,63
Perenjori,PAT1,6,M,W,PAT1.M.W,PAT1.W,2,T,27,54
Perenjori,PAT1,6,M,W,PAT1.M.W,PAT1.W,3,A,2,NA
Perenjori,PAT1,6,M,W,PAT1.M.W,PAT1.W,4,A,8,NA
Perenjori,PAT1,7,N,D,PAT1.N.D,PAT1.D,1,A,2,0
Perenjori,PAT1,7,N,D,PAT1.N.D,PAT1.D,2,T,18,36
Perenjori,PAT1,7,N,D,PAT1.N.D,PAT1.D,3,T,13.5,27
Perenjori,PAT1,7,N,D,PAT1.N.D,PAT1.D,4,A,3,NA
Perenjori,PAT1,8,N,W,PAT1.N.W,PAT1.W,1,A,1,0
Perenjori,PAT1,8,N,W,PAT1.N.W,PAT1.W,2,T,31.5,63
Perenjori,PAT1,8,N,W,PAT1.N.W,PAT1.W,3,A,5,NA
Perenjori,PAT1,9,S,D,PAT1.S.D,PAT1.D,1,T,13.5,27
Perenjori,PAT1,9,S,D,PAT1.S.D,PAT1.D,2,T,9,18
Perenjori,PAT1,9,S,D,PAT1.S.D,PAT1.D,3,A,4,NA
Perenjori,PAT1,9,S,D,PAT1.S.D,PAT1.D,4,A,3,NA
Perenjori,PAT1,10,S,W,PAT1.S.W,PAT1.W,1,T,49.5,99
Perenjori,PAT1,10,S,W,PAT1.S.W,PAT1.W,2,A,5,NA
Perenjori,PAT1,10,S,W,PAT1.S.W,PAT1.W,3,A,9,NA
Perenjori,PAT1,10,S,W,PAT1.S.W,PAT1.W,4,T,58.5,117
Perenjori,PAT2,8,N,W,PAT2.N.W,PAT2.W,1,T,9,18
Perenjori,PAT2,8,N,W,PAT2.N.W,PAT2.W,2,A,2,NA
Perenjori,PAT2,8,N,W,PAT2.N.W,PAT2.W,3,A,1,0
Perenjori,PAT2,8,N,W,PAT2.N.W,PAT2.W,4,T,13.5,27
Perenjori,PAT2,10,S,W,PAT2.S.W,PAT2.W,1,T,18,36
Perenjori,PAT2,10,S,W,PAT2.S.W,PAT2.W,2,A,4,NA
Perenjori,PAT2,10,S,W,PAT2.S.W,PAT2.W,3,T,31.5,63
Perenjori,PAT2,10,S,W,PAT2.S.W,PAT2.W,4,A,8,0
Perenjori,PAT3,1,C,D,PAT3.C.D,PAT3.D,1,A,6,NA
Perenjori,PAT3,1,C,D,PAT3.C.D,PAT3.D,2,T,9,18
Perenjori,PAT3,1,C,D,PAT3.C.D,PAT3.D,3,A,2,NA
Perenjori,PAT3,1,C,D,PAT3.C.D,PAT3.D,4,T,13.5,27
Perenjori,PAT3,2,C,W,PAT3.C.W,PAT3.W,2,T,9,18
Perenjori,PAT3,2,C,W,PAT3.C.W,PAT3.W,3,A,3,0
Perenjori,PAT3,2,C,W,PAT3.C.W,PAT3.W,4,A,1,NA
Perenjori,PAT3,3,E,D,PAT3.E.D,PAT3.D,1,A,3,0
Perenjori,PAT3,3,E,D,PAT3.E.D,PAT3.D,2,T,13.5,27
Perenjori,PAT3,3,E,D,PAT3.E.D,PAT3.D,3,A,2,0
Perenjori,PAT3,3,E,D,PAT3.E.D,PAT3.D,4,T,9,18
Perenjori,PAT3,4,E,W,PAT3.E.W,PAT3.W,1,T,31.5,63
Perenjori,PAT3,4,E,W,PAT3.E.W,PAT3.W,2,A,1,0
Perenjori,PAT3,4,E,W,PAT3.E.W,PAT3.W,3,T,22.5,45
Perenjori,PAT3,4,E,W,PAT3.E.W,PAT3.W,4,A,2,0
Perenjori,PAT3,5,M,D,PAT3.M.D,PAT3.D,1,A,6,NA
Perenjori,PAT3,5,M,D,PAT3.M.D,PAT3.D,2,A,3,NA
Perenjori,PAT3,5,M,D,PAT3.M.D,PAT3.D,3,T,58.5,117
Perenjori,PAT3,5,M,D,PAT3.M.D,PAT3.D,4,T,13.5,27
Perenjori,PAT3,6,M,W,PAT3.M.W,PAT3.W,1,A,4,NA
Perenjori,PAT3,6,M,W,PAT3.M.W,PAT3.W,2,T,27,54
Perenjori,PAT3,6,M,W,PAT3.M.W,PAT3.W,3,A,2,NA
Perenjori,PAT3,6,M,W,PAT3.M.W,PAT3.W,4,T,22.5,45
Perenjori,PAT3,7,N,D,PAT3.N.D,PAT3.D,2,T,13.5,27
Perenjori,PAT3,7,N,D,PAT3.N.D,PAT3.D,3,A,1,NA
Perenjori,PAT3,7,N,D,PAT3.N.D,PAT3.D,4,T,18,36
Perenjori,PAT3,8,N,W,PAT3.N.W,PAT3.W,1,A,3,NA
Perenjori,PAT3,8,N,W,PAT3.N.W,PAT3.W,2,T,9,18
Perenjori,PAT3,8,N,W,PAT3.N.W,PAT3.W,3,A,3,NA
Perenjori,PAT3,8,N,W,PAT3.N.W,PAT3.W,4,T,27,54
Perenjori,PAT3,9,S,D,PAT3.S.D,PAT3.D,2,T,NA,NA
Perenjori,PAT3,9,S,D,PAT3.S.D,PAT3.D,3,T,18,36
Perenjori,PAT3,10,S,W,PAT3.S.W,PAT3.W,1,T,49.5,99
Perenjori,PAT3,10,S,W,PAT3.S.W,PAT3.W,2,A,3,NA
Perenjori,PAT3,10,S,W,PAT3.S.W,PAT3.W,3,T,94.5,189
Perenjori,PAT3,10,S,W,PAT3.S.W,PAT3.W,4,A,3,NA
Perenjori,PAT4,1,C,D,PAT4.C.D,PAT4.D,1,T,4.5,9
Perenjori,PAT4,1,C,D,PAT4.C.D,PAT4.D,3,T,9,18
Perenjori,PAT4,1,C,D,PAT4.C.D,PAT4.D,4,A,NA,NA
Perenjori,PAT4,2,C,W,PAT4.C.W,PAT4.W,1,A,2,NA
Perenjori,PAT4,2,C,W,PAT4.C.W,PAT4.W,2,T,13.5,27
Perenjori,PAT4,2,C,W,PAT4.C.W,PAT4.W,3,T,4.5,9
Perenjori,PAT4,2,C,W,PAT4.C.W,PAT4.W,4,A,3,NA
Perenjori,PAT4,3,E,D,PAT4.E.D,PAT4.D,3,T,13.5,27
Perenjori,PAT4,3,E,D,PAT4.E.D,PAT4.D,4,T,9,18
Perenjori,PAT4,4,E,W,PAT4.E.W,PAT4.W,1,A,1,NA
Perenjori,PAT4,4,E,W,PAT4.E.W,PAT4.W,4,A,5,NA
Perenjori,PAT4,5,M,D,PAT4.M.D,PAT4.D,2,A,3,0
Perenjori,PAT4,5,M,D,PAT4.M.D,PAT4.D,4,T,4.5,9
Perenjori,PAT4,6,M,W,PAT4.M.W,PAT4.W,1,A,5,NA
Perenjori,PAT4,6,M,W,PAT4.M.W,PAT4.W,2,T,13.5,27
Perenjori,PAT4,6,M,W,PAT4.M.W,PAT4.W,4,A,4,NA
Perenjori,PAT4,7,N,D,PAT4.N.D,PAT4.D,1,A,NA,NA
Perenjori,PAT4,7,N,D,PAT4.N.D,PAT4.D,2,T,9,18
Perenjori,PAT4,7,N,D,PAT4.N.D,PAT4.D,3,A,2,0
Perenjori,PAT4,7,N,D,PAT4.N.D,PAT4.D,4,T,22.5,45
Perenjori,PAT4,8,N,W,PAT4.N.W,PAT4.W,1,A,0,0
Perenjori,PAT4,8,N,W,PAT4.N.W,PAT4.W,2,A,1,0
Perenjori,PAT4,8,N,W,PAT4.N.W,PAT4.W,3,T,18,36
Perenjori,PAT4,8,N,W,PAT4.N.W,PAT4.W,4,T,13.5,27
Perenjori,PAT4,9,S,D,PAT4.S.D,PAT4.D,1,A,1,0
Perenjori,PAT4,9,S,D,PAT4.S.D,PAT4.D,2,A,0,0
Perenjori,PAT4,10,S,W,PAT4.S.W,PAT4.W,1,T,4.5,9
Perenjori,PAT4,10,S,W,PAT4.S.W,PAT4.W,2,A,2,NA
Perenjori,PAT4,10,S,W,PAT4.S.W,PAT4.W,3,A,4,NA
Perenjori,PAT4,10,S,W,PAT4.S.W,PAT4.W,4,T,9,18
Perenjori,PAW1,1,C,D,PAW1.C.D,PAW1.D,1,W,NA,NA
Perenjori,PAW1,1,C,D,PAW1.C.D,PAW1.D,2,A,4,NA
Perenjori,PAW1,1,C,D,PAW1.C.D,PAW1.D,3,A,3,NA
Perenjori,PAW1,2,C,W,PAW1.C.W,PAW1.W,1,W,4,200
Perenjori,PAW1,2,C,W,PAW1.C.W,PAW1.W,2,W,4,170
Perenjori,PAW1,2,C,W,PAW1.C.W,PAW1.W,3,A,1,0
Perenjori,PAW1,2,C,W,PAW1.C.W,PAW1.W,4,A,3,NA
Perenjori,PAW1,5,M,D,PAW1.M.D,PAW1.D,1,A,5,NA
Perenjori,PAW1,5,M,D,PAW1.M.D,PAW1.D,2,A,5,39
Perenjori,PAW1,5,M,D,PAW1.M.D,PAW1.D,3,W,15,240
Perenjori,PAW1,5,M,D,PAW1.M.D,PAW1.D,4,W,30,178
Perenjori,PAW1,8,N,W,PAW1.N.W,PAW1.W,1,W,2,NA
Perenjori,PAW1,8,N,W,PAW1.N.W,PAW1.W,2,A,4,NA
Perenjori,PAW1,8,N,W,PAW1.N.W,PAW1.W,3,A,0,0
Perenjori,PAW1,8,N,W,PAW1.N.W,PAW1.W,4,W,9,NA
Perenjori,PAW1,9,S,D,PAW1.S.D,PAW1.D,1,W,15,389
Perenjori,PAW1,9,S,D,PAW1.S.D,PAW1.D,4,A,0,0
Perenjori,PAW2,1,C,D,PAW2.C.D,PAW2.D,1,A,4,NA
Perenjori,PAW2,1,C,D,PAW2.C.D,PAW2.D,2,W,5,107
Perenjori,PAW2,1,C,D,PAW2.C.D,PAW2.D,3,W,7,400
Perenjori,PAW2,1,C,D,PAW2.C.D,PAW2.D,4,A,1,NA
Perenjori,PAW2,2,C,W,PAW2.C.W,PAW2.W,1,W,23,407
Perenjori,PAW2,2,C,W,PAW2.C.W,PAW2.W,2,A,4,NA
Perenjori,PAW2,2,C,W,PAW2.C.W,PAW2.W,3,A,6,NA
Perenjori,PAW2,2,C,W,PAW2.C.W,PAW2.W,4,W,19,241
Perenjori,PAW2,3,E,D,PAW2.E.D,PAW2.D,1,W,16,634
Perenjori,PAW2,3,E,D,PAW2.E.D,PAW2.D,2,A,5,NA
Perenjori,PAW2,3,E,D,PAW2.E.D,PAW2.D,3,A,1,0
Perenjori,PAW2,3,E,D,PAW2.E.D,PAW2.D,4,W,6,0
Perenjori,PAW2,4,E,W,PAW2.E.W,PAW2.W,1,W,45,474
Perenjori,PAW2,4,E,W,PAW2.E.W,PAW2.W,2,A,1,0
Perenjori,PAW2,4,E,W,PAW2.E.W,PAW2.W,3,A,2,NA
Perenjori,PAW2,4,E,W,PAW2.E.W,PAW2.W,4,W,16,188
Perenjori,PAW2,5,M,D,PAW2.M.D,PAW2.D,2,A,5,NA
Perenjori,PAW2,5,M,D,PAW2.M.D,PAW2.D,3,A,3,NA
Perenjori,PAW2,6,M,W,PAW2.M.W,PAW2.W,1,W,15,179
Perenjori,PAW2,6,M,W,PAW2.M.W,PAW2.W,2,A,3,0
Perenjori,PAW2,6,M,W,PAW2.M.W,PAW2.W,3,A,3,15
Perenjori,PAW2,6,M,W,PAW2.M.W,PAW2.W,4,W,15,489
Perenjori,PAW2,7,N,D,PAW2.N.D,PAW2.D,2,W,2,NA
Perenjori,PAW2,7,N,D,PAW2.N.D,PAW2.D,3,W,3,NA
Perenjori,PAW2,7,N,D,PAW2.N.D,PAW2.D,4,A,1,NA
Perenjori,PAW2,8,N,W,PAW2.N.W,PAW2.W,1,A,3,NA
Perenjori,PAW2,8,N,W,PAW2.N.W,PAW2.W,2,A,5,NA
Perenjori,PAW2,8,N,W,PAW2.N.W,PAW2.W,3,W,12,NA
Perenjori,PAW2,8,N,W,PAW2.N.W,PAW2.W,4,W,25,847
Perenjori,PAW2,9,S,D,PAW2.S.D,PAW2.D,1,W,6,197
Perenjori,PAW2,9,S,D,PAW2.S.D,PAW2.D,2,W,3,NA
Perenjori,PAW2,9,S,D,PAW2.S.D,PAW2.D,3,A,2,NA
Perenjori,PAW2,9,S,D,PAW2.S.D,PAW2.D,4,A,4,NA
Perenjori,PAW2,10,S,W,PAW2.S.W,PAW2.W,1,W,22,298
Perenjori,PAW2,10,S,W,PAW2.S.W,PAW2.W,2,A,7,NA
Perenjori,PAW2,10,S,W,PAW2.S.W,PAW2.W,3,A,3,NA
Perenjori,PAW2,10,S,W,PAW2.S.W,PAW2.W,4,W,35,1252
Perenjori,PAW3,1,C,D,PAW3.C.D,PAW3.D,1,W,4,124
Perenjori,PAW3,1,C,D,PAW3.C.D,PAW3.D,2,A,4,NA
Perenjori,PAW3,1,C,D,PAW3.C.D,PAW3.D,3,W,3,118
Perenjori,PAW3,1,C,D,PAW3.C.D,PAW3.D,4,A,6,NA
Perenjori,PAW3,2,C,W,PAW3.C.W,PAW3.W,1,W,2,NA
Perenjori,PAW3,2,C,W,PAW3.C.W,PAW3.W,2,A,1,0
Perenjori,PAW3,2,C,W,PAW3.C.W,PAW3.W,3,W,3,96
Perenjori,PAW3,2,C,W,PAW3.C.W,PAW3.W,4,A,1,0
Perenjori,PAW3,3,E,D,PAW3.E.D,PAW3.D,1,W,4,0
Perenjori,PAW3,3,E,D,PAW3.E.D,PAW3.D,2,A,1,NA
Perenjori,PAW3,4,E,W,PAW3.E.W,PAW3.W,1,W,3,54
Perenjori,PAW3,4,E,W,PAW3.E.W,PAW3.W,2,A,6,NA
Perenjori,PAW3,4,E,W,PAW3.E.W,PAW3.W,3,W,1,14
Perenjori,PAW3,4,E,W,PAW3.E.W,PAW3.W,4,A,4,NA
Perenjori,PAW3,5,M,D,PAW3.M.D,PAW3.D,1,A,3,NA
Perenjori,PAW3,5,M,D,PAW3.M.D,PAW3.D,3,A,4,NA
Perenjori,PAW3,5,M,D,PAW3.M.D,PAW3.D,4,W,4,75
Perenjori,PAW3,6,M,W,PAW3.M.W,PAW3.W,1,W,8,NA
Perenjori,PAW3,6,M,W,PAW3.M.W,PAW3.W,2,A,3,NA
Perenjori,PAW3,6,M,W,PAW3.M.W,PAW3.W,4,W,5,NA
Perenjori,PAW3,7,N,D,PAW3.N.D,PAW3.D,1,W,8,90
Perenjori,PAW3,7,N,D,PAW3.N.D,PAW3.D,2,W,9,546
Perenjori,PAW3,7,N,D,PAW3.N.D,PAW3.D,3,A,5,0
Perenjori,PAW3,7,N,D,PAW3.N.D,PAW3.D,4,A,7,NA
Perenjori,PAW3,8,N,W,PAW3.N.W,PAW3.W,1,W,2,NA
Perenjori,PAW3,8,N,W,PAW3.N.W,PAW3.W,2,A,1,0
Perenjori,PAW3,8,N,W,PAW3.N.W,PAW3.W,3,A,4,NA
Perenjori,PAW3,8,N,W,PAW3.N.W,PAW3.W,4,W,NA,NA
Perenjori,PAW3,9,S,D,PAW3.S.D,PAW3.D,1,W,6,375
Perenjori,PAW3,9,S,D,PAW3.S.D,PAW3.D,2,A,6,NA
Perenjori,PAW3,9,S,D,PAW3.S.D,PAW3.D,3,W,7,180
Perenjori,PAW3,9,S,D,PAW3.S.D,PAW3.D,4,A,3,NA
Perenjori,PAW3,10,S,W,PAW3.S.W,PAW3.W,1,W,10,321
Perenjori,PAW3,10,S,W,PAW3.S.W,PAW3.W,2,A,2,NA
Perenjori,PAW3,10,S,W,PAW3.S.W,PAW3.W,3,A,3,NA
Perenjori,PAW3,10,S,W,PAW3.S.W,PAW3.W,4,W,10,290
Perenjori,PAW4,1,C,D,PAW4.C.D,PAW4.D,1,W,18,NA
Perenjori,PAW4,1,C,D,PAW4.C.D,PAW4.D,2,A,1,0
Perenjori,PAW4,1,C,D,PAW4.C.D,PAW4.D,3,A,6,NA
Perenjori,PAW4,1,C,D,PAW4.C.D,PAW4.D,4,W,8,NA
Perenjori,PAW4,2,C,W,PAW4.C.W,PAW4.W,1,A,4,0
Perenjori,PAW4,2,C,W,PAW4.C.W,PAW4.W,2,A,4,0
Perenjori,PAW4,2,C,W,PAW4.C.W,PAW4.W,3,W,11,0
Perenjori,PAW4,2,C,W,PAW4.C.W,PAW4.W,4,W,18,451
Perenjori,PAW4,3,E,D,PAW4.E.D,PAW4.D,1,W,13,228
Perenjori,PAW4,3,E,D,PAW4.E.D,PAW4.D,2,A,2,NA
Perenjori,PAW4,3,E,D,PAW4.E.D,PAW4.D,3,A,2,0
Perenjori,PAW4,3,E,D,PAW4.E.D,PAW4.D,4,W,4,48
Perenjori,PAW4,4,E,W,PAW4.E.W,PAW4.W,1,W,13,498
Perenjori,PAW4,4,E,W,PAW4.E.W,PAW4.W,2,A,10,NA
Perenjori,PAW4,4,E,W,PAW4.E.W,PAW4.W,3,W,21,941
Perenjori,PAW4,4,E,W,PAW4.E.W,PAW4.W,4,A,6,NA
Perenjori,PAW4,5,M,D,PAW4.M.D,PAW4.D,1,W,6,72
Perenjori,PAW4,5,M,D,PAW4.M.D,PAW4.D,2,A,1,0
Perenjori,PAW4,5,M,D,PAW4.M.D,PAW4.D,3,A,2,NA
Perenjori,PAW4,5,M,D,PAW4.M.D,PAW4.D,4,W,5,NA
Perenjori,PAW4,6,M,W,PAW4.M.W,PAW4.W,1,W,14,921
Perenjori,PAW4,6,M,W,PAW4.M.W,PAW4.W,2,W,7,221
Perenjori,PAW4,6,M,W,PAW4.M.W,PAW4.W,3,A,3,NA
Perenjori,PAW4,6,M,W,PAW4.M.W,PAW4.W,4,A,12,NA
Perenjori,PAW4,7,N,D,PAW4.N.D,PAW4.D,1,W,5,NA
Perenjori,PAW4,7,N,D,PAW4.N.D,PAW4.D,2,A,2,79
Perenjori,PAW4,7,N,D,PAW4.N.D,PAW4.D,3,W,3,27
Perenjori,PAW4,7,N,D,PAW4.N.D,PAW4.D,4,A,2,NA
Perenjori,PAW4,8,N,W,PAW4.N.W,PAW4.W,1,W,9,NA
Perenjori,PAW4,8,N,W,PAW4.N.W,PAW4.W,2,A,6,0
Perenjori,PAW4,8,N,W,PAW4.N.W,PAW4.W,3,W,6,176
Perenjori,PAW4,8,N,W,PAW4.N.W,PAW4.W,4,A,4,0
Perenjori,PAW4,9,S,D,PAW4.S.D,PAW4.D,1,W,1,0
Perenjori,PAW4,9,S,D,PAW4.S.D,PAW4.D,2,A,7,0
Perenjori,PAW4,9,S,D,PAW4.S.D,PAW4.D,3,A,2,0
Perenjori,PAW4,9,S,D,PAW4.S.D,PAW4.D,4,W,16,445
Perenjori,PAW4,10,S,W,PAW4.S.W,PAW4.W,1,W,10,260
Perenjori,PAW4,10,S,W,PAW4.S.W,PAW4.W,2,A,3,NA
Perenjori,PAW4,10,S,W,PAW4.S.W,PAW4.W,3,W,30,NA
Perenjori,PAW4,10,S,W,PAW4.S.W,PAW4.W,4,A,5,NA
Perenjori,PHT1,1,C,D,PHT1.C.D,PHT1.D,1,H,1,NA
Perenjori,PHT1,1,C,D,PHT1.C.D,PHT1.D,2,T,31.5,63
Perenjori,PHT1,1,C,D,PHT1.C.D,PHT1.D,3,T,22.5,45
Perenjori,PHT1,2,C,W,PHT1.C.W,PHT1.W,1,T,22.5,45
Perenjori,PHT1,2,C,W,PHT1.C.W,PHT1.W,2,H,NA,NA
Perenjori,PHT1,2,C,W,PHT1.C.W,PHT1.W,3,H,2,41
Perenjori,PHT1,2,C,W,PHT1.C.W,PHT1.W,4,T,NA,NA
Perenjori,PHT1,3,E,D,PHT1.E.D,PHT1.D,1,T,67.5,135
Perenjori,PHT1,3,E,D,PHT1.E.D,PHT1.D,2,T,18,36
Perenjori,PHT1,3,E,D,PHT1.E.D,PHT1.D,3,H,3,34
Perenjori,PHT1,3,E,D,PHT1.E.D,PHT1.D,4,H,3,NA
Perenjori,PHT1,4,E,W,PHT1.E.W,PHT1.W,1,H,4,22
Perenjori,PHT1,4,E,W,PHT1.E.W,PHT1.W,2,H,5,NA
Perenjori,PHT1,4,E,W,PHT1.E.W,PHT1.W,3,T,63,126
Perenjori,PHT1,4,E,W,PHT1.E.W,PHT1.W,4,T,22.5,45
Perenjori,PHT1,5,M,D,PHT1.M.D,PHT1.D,1,T,31.5,63
Perenjori,PHT1,5,M,D,PHT1.M.D,PHT1.D,2,H,2,NA
Perenjori,PHT1,5,M,D,PHT1.M.D,PHT1.D,3,H,10,147
Perenjori,PHT1,5,M,D,PHT1.M.D,PHT1.D,4,T,94.5,189
Perenjori,PHT1,5,N,D,PHT1.N.D,PHT1.D,1,H,2,NA
Perenjori,PHT1,5,N,D,PHT1.N.D,PHT1.D,2,T,18,36
Perenjori,PHT1,5,N,D,PHT1.N.D,PHT1.D,3,T,45,90
Perenjori,PHT1,5,N,D,PHT1.N.D,PHT1.D,4,H,2,NA
Perenjori,PHT1,6,N,W,PHT1.N.W,PHT1.W,1,H,4,NA
Perenjori,PHT1,6,N,W,PHT1.N.W,PHT1.W,2,H,6,92
Perenjori,PHT1,6,N,W,PHT1.N.W,PHT1.W,3,T,22.5,45
Perenjori,PHT1,6,N,W,PHT1.N.W,PHT1.W,4,T,18,36
Perenjori,PHT1,7,S,D,PHT1.S.D,PHT1.D,1,T,18,36
Perenjori,PHT1,7,S,D,PHT1.S.D,PHT1.D,2,T,4.5,9
Perenjori,PHT1,7,S,D,PHT1.S.D,PHT1.D,4,H,2,41
Perenjori,PHT1,8,S,W,PHT1.S.W,PHT1.W,1,H,5,NA
Perenjori,PHT1,8,S,W,PHT1.S.W,PHT1.W,2,H,4,NA
Perenjori,PHT2,1,C,D,PHT2.C.D,PHT2.D,1,H,NA,NA
Perenjori,PHT2,1,C,D,PHT2.C.D,PHT2.D,2,T,9,18
Perenjori,PHT2,1,C,D,PHT2.C.D,PHT2.D,3,T,NA,NA
Perenjori,PHT2,1,C,D,PHT2.C.D,PHT2.D,4,H,9,186
Perenjori,PHT2,2,C,W,PHT2.C.W,PHT2.W,1,T,9,18
Perenjori,PHT2,2,C,W,PHT2.C.W,PHT2.W,2,H,4,76
Perenjori,PHT2,2,C,W,PHT2.C.W,PHT2.W,3,H,2,NA
Perenjori,PHT2,2,C,W,PHT2.C.W,PHT2.W,4,T,22.5,45
Perenjori,PHT2,3,E,D,PHT2.E.D,PHT2.D,1,T,40.5,81
Perenjori,PHT2,3,E,D,PHT2.E.D,PHT2.D,2,T,40.5,81
Perenjori,PHT2,3,E,D,PHT2.E.D,PHT2.D,3,H,3,71
Perenjori,PHT2,3,E,D,PHT2.E.D,PHT2.D,4,H,3,48
Perenjori,PHT2,4,E,W,PHT2.E.W,PHT2.W,1,T,13.5,27
Perenjori,PHT2,4,E,W,PHT2.E.W,PHT2.W,2,H,5,NA
Perenjori,PHT2,4,E,W,PHT2.E.W,PHT2.W,3,H,1,NA
Perenjori,PHT2,4,E,W,PHT2.E.W,PHT2.W,4,T,13.5,27
Perenjori,PHT2,5,M,D,PHT2.M.D,PHT2.D,1,H,2,16
Perenjori,PHT2,5,M,D,PHT2.M.D,PHT2.D,2,T,40.5,81
Perenjori,PHT2,5,M,D,PHT2.M.D,PHT2.D,3,H,2,NA
Perenjori,PHT2,5,M,D,PHT2.M.D,PHT2.D,4,T,36,72
Perenjori,PHT2,6,M,W,PHT2.M.W,PHT2.W,1,H,4,NA
Perenjori,PHT2,6,M,W,PHT2.M.W,PHT2.W,2,T,13.5,27
Perenjori,PHT2,6,M,W,PHT2.M.W,PHT2.W,3,T,4.5,9
Perenjori,PHT2,6,M,W,PHT2.M.W,PHT2.W,4,H,3,NA
Perenjori,PHT2,7,N,D,PHT2.N.D,PHT2.D,1,H,4,NA
Perenjori,PHT2,7,N,D,PHT2.N.D,PHT2.D,2,T,18,36
Perenjori,PHT2,7,N,D,PHT2.N.D,PHT2.D,3,H,3,NA
Perenjori,PHT2,7,N,D,PHT2.N.D,PHT2.D,4,T,22.5,45
Perenjori,PHT2,8,N,W,PHT2.N.W,PHT2.W,4,T,45,90
Perenjori,PHT2,9,S,D,PHT2.S.D,PHT2.D,1,H,3,NA
Perenjori,PHT2,9,S,D,PHT2.S.D,PHT2.D,4,H,2,NA
Perenjori,PHT2,10,S,W,PHT2.S.W,PHT2.W,1,T,13.5,27
Perenjori,PHT2,10,S,W,PHT2.S.W,PHT2.W,4,H,3,NA
Perenjori,PHT3,1,C,D,PHT3.C.D,PHT3.D,1,H,5,NA
Perenjori,PHT3,1,C,D,PHT3.C.D,PHT3.D,4,H,2,NA
Perenjori,PHT3,2,C,W,PHT3.C.W,PHT3.W,2,T,9,18
Perenjori,PHT3,2,C,W,PHT3.C.W,PHT3.W,3,H,3,NA
Perenjori,PHT3,3,E,D,PHT3.E.D,PHT3.D,1,H,5,NA
Perenjori,PHT3,3,E,D,PHT3.E.D,PHT3.D,2,T,36,72
Perenjori,PHT3,3,E,D,PHT3.E.D,PHT3.D,3,H,3,54
Perenjori,PHT3,3,E,D,PHT3.E.D,PHT3.D,4,T,36,72
Perenjori,PHT3,4,E,W,PHT3.E.W,PHT3.W,3,H,3,NA
Perenjori,PHT3,4,E,W,PHT3.E.W,PHT3.W,4,H,3,0
Perenjori,PHT3,5,M,D,PHT3.M.D,PHT3.D,1,T,22.5,45
Perenjori,PHT3,5,M,D,PHT3.M.D,PHT3.D,2,T,54,108
Perenjori,PHT3,5,M,D,PHT3.M.D,PHT3.D,3,H,3,69
Perenjori,PHT3,5,M,D,PHT3.M.D,PHT3.D,4,H,4,NA
Perenjori,PHT3,6,M,W,PHT3.M.W,PHT3.W,1,T,0,0
Perenjori,PHT3,6,M,W,PHT3.M.W,PHT3.W,2,T,9,18
Perenjori,PHT3,6,M,W,PHT3.M.W,PHT3.W,3,H,6,260
Perenjori,PHT3,6,M,W,PHT3.M.W,PHT3.W,4,H,3,0
Perenjori,PHT3,7,N,D,PHT3.N.D,PHT3.D,1,H,3,NA
Perenjori,PHT3,7,N,D,PHT3.N.D,PHT3.D,2,T,27,54
Perenjori,PHT3,7,N,D,PHT3.N.D,PHT3.D,3,H,3,NA
Perenjori,PHT3,7,N,D,PHT3.N.D,PHT3.D,4,T,9,18
Perenjori,PHT3,8,N,W,PHT3.N.W,PHT3.W,1,H,3,NA
Perenjori,PHT3,8,N,W,PHT3.N.W,PHT3.W,2,H,4,NA
Perenjori,PHT3,8,N,W,PHT3.N.W,PHT3.W,3,T,36,72
Perenjori,PHT3,8,N,W,PHT3.N.W,PHT3.W,4,T,31.5,63
Perenjori,PHT3,9,S,D,PHT3.S.D,PHT3.D,1,T,31.5,63
Perenjori,PHT3,9,S,D,PHT3.S.D,PHT3.D,2,H,8,136
Perenjori,PHT3,10,S,W,PHT3.S.W,PHT3.W,2,H,6,96
Perenjori,PHT3,10,S,W,PHT3.S.W,PHT3.W,3,T,81,162
Perenjori,PHT3,10,S,W,PHT3.S.W,PHT3.W,4,H,4,120
Perenjori,PHT4,1,C,D,PHT4.C.D,PHT4.D,1,H,5,NA
Perenjori,PHT4,1,C,D,PHT4.C.D,PHT4.D,3,H,4,79
Perenjori,PHT4,1,E,D,PHT4.E.D,PHT4.D,1,H,2,NA
Perenjori,PHT4,1,E,D,PHT4.E.D,PHT4.D,4,H,4,0
Perenjori,PHT4,2,E,W,PHT4.E.W,PHT4.W,1,H,3,93
Perenjori,PHT4,2,E,W,PHT4.E.W,PHT4.W,2,T,45,90
Perenjori,PHT4,2,E,W,PHT4.E.W,PHT4.W,3,H,11,258
Perenjori,PHT4,2,E,W,PHT4.E.W,PHT4.W,4,T,45,90
Perenjori,PHT4,3,M,D,PHT4.M.D,PHT4.D,1,T,22.5,45
Perenjori,PHT4,3,M,D,PHT4.M.D,PHT4.D,2,H,2,0
Perenjori,PHT4,3,M,D,PHT4.M.D,PHT4.D,3,H,4,0
Perenjori,PHT4,3,M,D,PHT4.M.D,PHT4.D,4,T,4.5,9
Perenjori,PHT4,4,M,W,PHT4.M.W,PHT4.W,1,H,5,52
Perenjori,PHT4,4,M,W,PHT4.M.W,PHT4.W,3,H,2,NA
Perenjori,PHT4,4,M,W,PHT4.M.W,PHT4.W,4,T,18,36
Perenjori,PHT4,5,N,D,PHT4.N.D,PHT4.D,1,H,1,8
Perenjori,PHT4,5,N,D,PHT4.N.D,PHT4.D,3,H,3,0
Perenjori,PHT4,6,N,W,PHT4.N.W,PHT4.W,1,T,27,54
Perenjori,PHT4,6,N,W,PHT4.N.W,PHT4.W,2,H,4,35
Perenjori,PHT4,6,N,W,PHT4.N.W,PHT4.W,3,T,27,54
Perenjori,PHT4,6,N,W,PHT4.N.W,PHT4.W,4,H,2,NA
Perenjori,PHT4,7,S,D,PHT4.S.D,PHT4.D,1,H,6,NA
Perenjori,PHT4,7,S,D,PHT4.S.D,PHT4.D,2,H,4,86
Perenjori,PHT4,7,S,D,PHT4.S.D,PHT4.D,3,T,22.5,45
Perenjori,PHT4,8,S,W,PHT4.S.W,PHT4.W,1,H,6,32
Perenjori,PHT4,8,S,W,PHT4.S.W,PHT4.W,2,T,27,54
Perenjori,PHT4,8,S,W,PHT4.S.W,PHT4.W,3,T,27,54
Perenjori,PHT4,8,S,W,PHT4.S.W,PHT4.W,4,H,6,122
Perenjori,PHW1,1,C,D,PHW1.C.D,PHW1.D,1,H,4,NA
Perenjori,PHW1,1,C,D,PHW1.C.D,PHW1.D,2,W,6,120
Perenjori,PHW1,1,C,D,PHW1.C.D,PHW1.D,3,H,4,NA
Perenjori,PHW1,1,C,D,PHW1.C.D,PHW1.D,4,W,11,110
Perenjori,PHW1,2,C,W,PHW1.C.W,PHW1.W,1,W,4,NA
Perenjori,PHW1,2,C,W,PHW1.C.W,PHW1.W,2,W,2,54
Perenjori,PHW1,2,C,W,PHW1.C.W,PHW1.W,3,H,4,0
Perenjori,PHW1,2,C,W,PHW1.C.W,PHW1.W,4,H,1,0
Perenjori,PHW1,3,E,D,PHW1.E.D,PHW1.D,1,W,10,144
Perenjori,PHW1,3,E,D,PHW1.E.D,PHW1.D,2,W,6,327
Perenjori,PHW1,3,E,D,PHW1.E.D,PHW1.D,3,H,6,78
Perenjori,PHW1,3,E,D,PHW1.E.D,PHW1.D,4,H,7,30
Perenjori,PHW1,4,E,W,PHW1.E.W,PHW1.W,1,W,10,NA
Perenjori,PHW1,4,E,W,PHW1.E.W,PHW1.W,4,W,2,82
Perenjori,PHW1,5,M,D,PHW1.M.D,PHW1.D,1,W,6,160
Perenjori,PHW1,5,M,D,PHW1.M.D,PHW1.D,2,H,1,NA
Perenjori,PHW1,5,M,D,PHW1.M.D,PHW1.D,3,W,3,24
Perenjori,PHW1,5,M,D,PHW1.M.D,PHW1.D,4,H,2,36
Perenjori,PHW1,6,M,W,PHW1.M.W,PHW1.W,1,H,2,NA
Perenjori,PHW1,6,M,W,PHW1.M.W,PHW1.W,2,W,1,40
Perenjori,PHW1,6,M,W,PHW1.M.W,PHW1.W,3,W,4,NA
Perenjori,PHW1,7,N,D,PHW1.N.D,PHW1.D,1,H,3,0
Perenjori,PHW1,7,N,D,PHW1.N.D,PHW1.D,2,W,4,108
Perenjori,PHW1,7,N,D,PHW1.N.D,PHW1.D,3,W,15,194
Perenjori,PHW1,7,N,D,PHW1.N.D,PHW1.D,4,H,1,0
Perenjori,PHW1,8,N,W,PHW1.N.W,PHW1.W,1,W,6,NA
Perenjori,PHW1,8,N,W,PHW1.N.W,PHW1.W,2,H,2,0
Perenjori,PHW1,8,N,W,PHW1.N.W,PHW1.W,3,W,26,854
Perenjori,PHW1,8,N,W,PHW1.N.W,PHW1.W,4,H,NA,NA
Perenjori,PHW1,9,S,D,PHW1.S.D,PHW1.D,1,W,7,NA
Perenjori,PHW1,9,S,D,PHW1.S.D,PHW1.D,2,W,5,107
Perenjori,PHW1,9,S,D,PHW1.S.D,PHW1.D,3,H,4,NA
Perenjori,PHW1,9,S,D,PHW1.S.D,PHW1.D,4,H,1,NA
Perenjori,PHW1,10,S,W,PHW1.S.W,PHW1.W,1,H,5,26
Perenjori,PHW1,10,S,W,PHW1.S.W,PHW1.W,2,W,1,NA
Perenjori,PHW1,10,S,W,PHW1.S.W,PHW1.W,3,W,2,NA
Perenjori,PHW1,10,S,W,PHW1.S.W,PHW1.W,4,H,2,22
Perenjori,PHW2,1,C,D,PHW2.C.D,PHW2.D,2,H,2,0
Perenjori,PHW2,1,C,D,PHW2.C.D,PHW2.D,3,W,4,NA
Perenjori,PHW2,1,C,D,PHW2.C.D,PHW2.D,4,W,2,0
Perenjori,PHW2,2,C,W,PHW2.C.W,PHW2.W,1,W,6,214
Perenjori,PHW2,2,C,W,PHW2.C.W,PHW2.W,2,W,2,NA
Perenjori,PHW2,2,C,W,PHW2.C.W,PHW2.W,3,H,2,NA
Perenjori,PHW2,2,C,W,PHW2.C.W,PHW2.W,4,H,1,46
Perenjori,PHW2,3,E,D,PHW2.E.D,PHW2.D,1,W,2,NA
Perenjori,PHW2,3,E,D,PHW2.E.D,PHW2.D,2,H,2,NA
Perenjori,PHW2,3,E,D,PHW2.E.D,PHW2.D,3,H,1,NA
Perenjori,PHW2,3,E,D,PHW2.E.D,PHW2.D,4,W,1,NA
Perenjori,PHW2,4,E,W,PHW2.E.W,PHW2.W,1,W,17,745
Perenjori,PHW2,4,E,W,PHW2.E.W,PHW2.W,2,H,6,78
Perenjori,PHW2,4,E,W,PHW2.E.W,PHW2.W,3,W,9,387
Perenjori,PHW2,4,E,W,PHW2.E.W,PHW2.W,4,H,2,NA
Perenjori,PHW2,5,M,D,PHW2.M.D,PHW2.D,1,H,4,NA
Perenjori,PHW2,5,M,D,PHW2.M.D,PHW2.D,2,W,13,457
Perenjori,PHW2,5,M,D,PHW2.M.D,PHW2.D,3,H,5,135
Perenjori,PHW2,5,M,D,PHW2.M.D,PHW2.D,4,W,23,306
Perenjori,PHW2,6,M,W,PHW2.M.W,PHW2.W,1,W,12,150
Perenjori,PHW2,6,M,W,PHW2.M.W,PHW2.W,3,H,3,NA
Perenjori,PHW2,7,N,D,PHW2.N.D,PHW2.D,1,H,3,NA
Perenjori,PHW2,7,N,D,PHW2.N.D,PHW2.D,3,W,7,191
Perenjori,PHW2,10,S,W,PHW2.S.W,PHW2.W,1,W,15,383
Perenjori,PHW2,10,S,W,PHW2.S.W,PHW2.W,2,H,2,0
Perenjori,PHW2,10,S,W,PHW2.S.W,PHW2.W,3,H,4,NA
Perenjori,PHW2,10,S,W,PHW2.S.W,PHW2.W,4,W,9,384
Perenjori,PHW3,1,C,D,PHW3.C.D,PHW3.D,1,H,3,16
Perenjori,PHW3,1,C,D,PHW3.C.D,PHW3.D,2,H,3,0
Perenjori,PHW3,1,C,D,PHW3.C.D,PHW3.D,3,W,5,309
Perenjori,PHW3,1,C,D,PHW3.C.D,PHW3.D,4,W,2,20
Perenjori,PHW3,2,C,W,PHW3.C.W,PHW3.W,1,H,7,116
Perenjori,PHW3,2,C,W,PHW3.C.W,PHW3.W,2,W,33,1580
Perenjori,PHW3,2,C,W,PHW3.C.W,PHW3.W,3,H,4,49
Perenjori,PHW3,2,C,W,PHW3.C.W,PHW3.W,4,W,20,694
Perenjori,PHW3,2,E,W,PHW3.E.W,PHW3.W,1,W,14,NA
Perenjori,PHW3,2,E,W,PHW3.E.W,PHW3.W,2,H,9,NA
Perenjori,PHW3,2,E,W,PHW3.E.W,PHW3.W,3,H,8,24
Perenjori,PHW3,2,E,W,PHW3.E.W,PHW3.W,4,W,9,351
Perenjori,PHW3,3,M,D,PHW3.M.D,PHW3.D,1,W,7,184
Perenjori,PHW3,3,M,D,PHW3.M.D,PHW3.D,2,H,2,NA
Perenjori,PHW3,4,M,W,PHW3.M.W,PHW3.W,1,W,22,985
Perenjori,PHW3,4,M,W,PHW3.M.W,PHW3.W,3,H,5,22
Perenjori,PHW3,5,N,D,PHW3.N.D,PHW3.D,1,H,2,NA
Perenjori,PHW3,5,N,D,PHW3.N.D,PHW3.D,2,W,3,194
Perenjori,PHW3,5,N,D,PHW3.N.D,PHW3.D,3,W,6,279
Perenjori,PHW3,5,N,D,PHW3.N.D,PHW3.D,4,H,1,NA
Perenjori,PHW3,6,N,W,PHW3.N.W,PHW3.W,1,W,44,1360
Perenjori,PHW3,6,N,W,PHW3.N.W,PHW3.W,3,H,4,40
Perenjori,PHW3,7,S,D,PHW3.S.D,PHW3.D,1,W,2,22
Perenjori,PHW3,7,S,D,PHW3.S.D,PHW3.D,2,H,3,10
Perenjori,PHW3,7,S,D,PHW3.S.D,PHW3.D,3,H,5,0
Perenjori,PHW3,7,S,D,PHW3.S.D,PHW3.D,4,W,1,10
Perenjori,PHW3,8,S,W,PHW3.S.W,PHW3.W,3,H,4,40
Perenjori,PHW4,1,C,D,PHW4.C.D,PHW4.D,1,H,3,NA
Perenjori,PHW4,1,C,D,PHW4.C.D,PHW4.D,2,W,8,NA
Perenjori,PHW4,1,C,D,PHW4.C.D,PHW4.D,3,W,6,112
Perenjori,PHW4,1,C,D,PHW4.C.D,PHW4.D,4,H,3,44
Perenjori,PHW4,2,C,W,PHW4.C.W,PHW4.W,1,H,2,NA
Perenjori,PHW4,2,C,W,PHW4.C.W,PHW4.W,2,W,4,39
Perenjori,PHW4,2,C,W,PHW4.C.W,PHW4.W,3,H,3,NA
Perenjori,PHW4,2,C,W,PHW4.C.W,PHW4.W,4,W,12,283
Perenjori,PHW4,3,E,D,PHW4.E.D,PHW4.D,1,H,3,72
Perenjori,PHW4,3,E,D,PHW4.E.D,PHW4.D,2,H,5,99
Perenjori,PHW4,3,E,D,PHW4.E.D,PHW4.D,3,W,16,717
Perenjori,PHW4,3,E,D,PHW4.E.D,PHW4.D,4,W,2,60
Perenjori,PHW4,4,E,W,PHW4.E.W,PHW4.W,1,W,11,NA
Perenjori,PHW4,4,E,W,PHW4.E.W,PHW4.W,2,H,3,NA
Perenjori,PHW4,4,E,W,PHW4.E.W,PHW4.W,3,H,3,NA
Perenjori,PHW4,4,E,W,PHW4.E.W,PHW4.W,4,W,4,114
Perenjori,PHW4,5,M,D,PHW4.M.D,PHW4.D,1,W,12,596
Perenjori,PHW4,5,M,D,PHW4.M.D,PHW4.D,2,H,4,69
Perenjori,PHW4,5,M,D,PHW4.M.D,PHW4.D,3,H,4,77
Perenjori,PHW4,5,M,D,PHW4.M.D,PHW4.D,4,W,6,8
Perenjori,PHW4,6,M,W,PHW4.M.W,PHW4.W,1,H,6,28
Perenjori,PHW4,6,M,W,PHW4.M.W,PHW4.W,2,H,2,92
Perenjori,PHW4,6,M,W,PHW4.M.W,PHW4.W,3,W,8,389
Perenjori,PHW4,6,M,W,PHW4.M.W,PHW4.W,4,W,4,97
Perenjori,PHW4,7,N,D,PHW4.N.D,PHW4.D,1,H,3,NA
Perenjori,PHW4,7,N,D,PHW4.N.D,PHW4.D,2,H,2,NA
Perenjori,PHW4,7,N,D,PHW4.N.D,PHW4.D,3,W,8,373
Perenjori,PHW4,7,N,D,PHW4.N.D,PHW4.D,4,W,11,156
Perenjori,PHW4,8,N,W,PHW4.N.W,PHW4.W,1,W,4,104
Perenjori,PHW4,8,N,W,PHW4.N.W,PHW4.W,2,H,3,NA
Perenjori,PHW4,8,N,W,PHW4.N.W,PHW4.W,3,H,2,NA
Perenjori,PHW4,8,N,W,PHW4.N.W,PHW4.W,4,W,4,40
Perenjori,PHW4,9,S,D,PHW4.S.D,PHW4.D,1,W,1,NA
Perenjori,PHW4,9,S,D,PHW4.S.D,PHW4.D,2,H,2,12
Perenjori,PHW4,9,S,D,PHW4.S.D,PHW4.D,3,H,3,21
Perenjori,PHW4,9,S,D,PHW4.S.D,PHW4.D,4,W,5,NA
Perenjori,PHW4,10,S,W,PHW4.S.W,PHW4.W,1,W,5,NA
Perenjori,PHW4,10,S,W,PHW4.S.W,PHW4.W,2,H,3,NA
Perenjori,PHW4,10,S,W,PHW4.S.W,PHW4.W,3,H,5,39
Perenjori,PHW4,10,S,W,PHW4.S.W,PHW4.W,4,W,13,NA
Perenjori,PTW1,1,C,D,PTW1.C.D,PTW1.D,1,T,9,18
Perenjori,PTW1,1,C,D,PTW1.C.D,PTW1.D,2,T,13.5,27
Perenjori,PTW1,1,C,D,PTW1.C.D,PTW1.D,3,W,11,376
Perenjori,PTW1,1,C,D,PTW1.C.D,PTW1.D,4,W,6,438
Perenjori,PTW1,7,N,D,PTW1.N.D,PTW1.D,1,W,4,0
Perenjori,PTW1,7,N,D,PTW1.N.D,PTW1.D,2,W,2,64
Perenjori,PTW1,7,N,D,PTW1.N.D,PTW1.D,3,T,18,36
Perenjori,PTW1,7,N,D,PTW1.N.D,PTW1.D,4,T,9,18
Perenjori,PTW1,8,N,W,PTW1.N.W,PTW1.W,1,W,12,NA
Perenjori,PTW1,8,N,W,PTW1.N.W,PTW1.W,2,T,27,54
Perenjori,PTW1,8,N,W,PTW1.N.W,PTW1.W,3,W,3,NA
Perenjori,PTW1,8,N,W,PTW1.N.W,PTW1.W,4,T,9,18
Perenjori,PTW1,9,S,D,PTW1.S.D,PTW1.D,1,W,2,101
Perenjori,PTW1,9,S,D,PTW1.S.D,PTW1.D,2,W,14,204
Perenjori,PTW1,9,S,D,PTW1.S.D,PTW1.D,3,T,4.5,9
Perenjori,PTW1,9,S,D,PTW1.S.D,PTW1.D,4,T,18,36
Perenjori,PTW1,10,S,W,PTW1.S.W,PTW1.W,1,W,5,NA
Perenjori,PTW1,10,S,W,PTW1.S.W,PTW1.W,3,T,40.5,81
Perenjori,PTW1,10,S,W,PTW1.S.W,PTW1.W,4,W,6,357
Perenjori,PTW2,1,C,D,PTW2.C.D,PTW2.D,1,T,27,54
Perenjori,PTW2,1,C,D,PTW2.C.D,PTW2.D,2,T,13.5,27
Perenjori,PTW2,1,C,D,PTW2.C.D,PTW2.D,3,W,5,NA
Perenjori,PTW2,1,C,D,PTW2.C.D,PTW2.D,4,W,14,637
Perenjori,PTW2,2,C,W,PTW2.C.W,PTW2.W,1,T,13.5,27
Perenjori,PTW2,2,C,W,PTW2.C.W,PTW2.W,2,W,7,NA
Perenjori,PTW2,2,C,W,PTW2.C.W,PTW2.W,3,T,18,36
Perenjori,PTW2,2,C,W,PTW2.C.W,PTW2.W,4,W,2,NA
Perenjori,PTW2,3,E,D,PTW2.E.D,PTW2.D,1,W,1,0
Perenjori,PTW2,3,E,D,PTW2.E.D,PTW2.D,2,W,1,0
Perenjori,PTW2,3,E,D,PTW2.E.D,PTW2.D,3,T,49.5,99
Perenjori,PTW2,3,E,D,PTW2.E.D,PTW2.D,4,T,45,90
Perenjori,PTW2,4,E,W,PTW2.E.W,PTW2.W,1,W,2,40
Perenjori,PTW2,4,E,W,PTW2.E.W,PTW2.W,2,T,27,54
Perenjori,PTW2,4,E,W,PTW2.E.W,PTW2.W,3,W,5,NA
Perenjori,PTW2,4,E,W,PTW2.E.W,PTW2.W,4,T,45,90
Perenjori,PTW2,5,M,D,PTW2.M.D,PTW2.D,1,W,4,90
Perenjori,PTW2,5,M,D,PTW2.M.D,PTW2.D,2,W,1,NA
Perenjori,PTW2,5,M,D,PTW2.M.D,PTW2.D,3,T,9,18
Perenjori,PTW2,5,M,D,PTW2.M.D,PTW2.D,4,T,4.5,9
Perenjori,PTW2,6,M,W,PTW2.M.W,PTW2.W,1,T,9,18
Perenjori,PTW2,6,M,W,PTW2.M.W,PTW2.W,2,W,11,641
Perenjori,PTW2,6,M,W,PTW2.M.W,PTW2.W,3,W,8,NA
Perenjori,PTW2,6,M,W,PTW2.M.W,PTW2.W,4,T,18,36
Perenjori,PTW2,7,N,D,PTW2.N.D,PTW2.D,1,T,27,54
Perenjori,PTW2,7,N,D,PTW2.N.D,PTW2.D,2,W,3,40
Perenjori,PTW2,7,N,D,PTW2.N.D,PTW2.D,3,T,9,18
Perenjori,PTW2,7,N,D,PTW2.N.D,PTW2.D,4,W,0,0
Perenjori,PTW2,8,N,W,PTW2.N.W,PTW2.W,1,W,4,NA
Perenjori,PTW2,8,N,W,PTW2.N.W,PTW2.W,4,T,NA,NA
Perenjori,PTW2,9,S,D,PTW2.S.D,PTW2.D,1,T,40.5,81
Perenjori,PTW2,10,S,W,PTW2.S.W,PTW2.W,1,W,17,504
Perenjori,PTW2,10,S,W,PTW2.S.W,PTW2.W,2,T,117,234
Perenjori,PTW2,10,S,W,PTW2.S.W,PTW2.W,3,T,76.5,153
Perenjori,PTW2,10,S,W,PTW2.S.W,PTW2.W,4,W,38,1474
Perenjori,PTW4,2,C,W,PTW4.C.W,PTW4.W,1,T,22.5,45
Perenjori,PTW4,2,C,W,PTW4.C.W,PTW4.W,2,W,21,136
Perenjori,PTW4,2,C,W,PTW4.C.W,PTW4.W,3,W,9,0
Perenjori,PTW4,2,C,W,PTW4.C.W,PTW4.W,4,T,13.5,27
Perenjori,PTW4,3,E,D,PTW4.E.D,PTW4.D,2,T,22.5,45
Perenjori,PTW4,3,E,D,PTW4.E.D,PTW4.D,4,W,2,34
Perenjori,PTW4,5,M,D,PTW4.M.D,PTW4.D,1,T,9,18
Perenjori,PTW4,5,M,D,PTW4.M.D,PTW4.D,2,W,11,315
Perenjori,PTW4,5,M,D,PTW4.M.D,PTW4.D,3,W,12,478
Perenjori,PTW4,5,M,D,PTW4.M.D,PTW4.D,4,T,9,18
Perenjori,PTW4,6,M,W,PTW4.M.W,PTW4.W,2,W,6,276
Perenjori,PTW4,8,N,W,PTW4.N.W,PTW4.W,1,W,6,0
Perenjori,PTW4,8,N,W,PTW4.N.W,PTW4.W,2,T,27,54
Perenjori,PTW4,8,N,W,PTW4.N.W,PTW4.W,3,T,9,18
Perenjori,PTW4,8,N,W,PTW4.N.W,PTW4.W,4,W,3,0
